customer_id,first_name,last_name,email,phone,registration_date,loyalty_points,status
CUST9957,David,Johnson,user5242@example.com,+1-555-945-7765,2024-03-31T15:48:36.275833,626,inactive
CUST9524,John,Jones,user646@example.com,+1-555-433-4655,2024-11-16T15:48:36.275841,2604,active
CUST5782,Robert,Smith,user8598@example.com,+1-555-850-4665,2024-11-04T15:48:36.275845,9090,active
CUST7638,Jane,Williams,user6399@example.com,+1-555-297-6325,2025-09-22T15:48:36.275849,4531,inactive
CUST8639,John,Jones,user8893@example.com,+1-555-385-1678,2025-01-21T15:48:36.275852,7771,active
CUST8512,Lisa,Miller,user8476@example.com,+1-555-120-4543,2026-01-22T15:48:36.275856,1135,inactive
CUST1917,Michael,Miller,user7589@example.com,+1-555-161-6486,2025-12-03T15:48:36.275859,718,inactive
CUST8084,Jane,Garcia,user3694@example.com,+1-555-857-4949,2025-04-16T15:48:36.275862,4929,suspended
CUST4758,Michael,Smith,user6616@example.com,+1-555-403-3114,2024-05-20T15:48:36.275865,1619,suspended
CUST3162,Lisa,Garcia,user5086@example.com,+1-555-111-1586,2024-08-06T15:48:36.275869,7810,active
CUST8001,Lisa,Garcia,user5279@example.com,+1-555-330-7190,2025-11-07T15:48:36.275872,7714,suspended
CUST6702,John,Johnson,user6778@example.com,+1-555-292-3874,2025-02-18T15:48:36.275875,3322,active
CUST3464,Michael,Garcia,user7242@example.com,+1-555-770-8707,2024-08-10T15:48:36.275879,9284,inactive
CUST6846,Emily,Davis,user1883@example.com,+1-555-295-6945,2025-11-01T15:48:36.275882,3917,suspended
CUST1882,Emily,Smith,user9542@example.com,+1-555-107-9706,2025-01-17T15:48:36.275885,1865,inactive
CUST1036,John,Johnson,user3274@example.com,+1-555-716-7853,2024-12-04T15:48:36.275888,9290,inactive
CUST7044,Emily,Smith,user4442@example.com,+1-555-808-2476,2024-04-10T15:48:36.275891,11,inactive
CUST3390,Lisa,Miller,user1519@example.com,+1-555-519-9653,2024-03-14T15:48:36.275894,3517,suspended
CUST6737,John,Garcia,user4655@example.com,+1-555-595-5150,2025-06-17T15:48:36.275898,6020,active
CUST2862,Robert,Davis,user9623@example.com,+1-555-702-2905,2025-03-17T15:48:36.275901,4874,suspended
CUST7150,Sarah,Smith,user9722@example.com,+1-555-568-8510,2025-01-15T15:48:36.275904,5317,active
CUST9400,Jane,Brown,user6539@example.com,+1-555-529-5343,2024-04-09T15:48:36.275907,4926,suspended
CUST1696,Sarah,Davis,user5288@example.com,+1-555-539-1879,2025-05-29T15:48:36.275910,5038,suspended
CUST2427,Robert,Brown,user9363@example.com,+1-555-221-3179,2025-03-17T15:48:36.275913,4128,inactive
CUST1258,David,Smith,user8045@example.com,+1-555-222-8423,2025-07-18T15:48:36.275916,9043,suspended
CUST4602,Lisa,Miller,user4724@example.com,+1-555-703-8298,2026-01-17T15:48:36.275919,1413,inactive
CUST9621,Emily,Garcia,user5276@example.com,+1-555-804-6346,2025-08-08T15:48:36.275922,7175,inactive
CUST5717,Michael,Smith,user9155@example.com,+1-555-539-8428,2024-05-11T15:48:36.275925,9330,inactive
CUST1764,John,Johnson,user8175@example.com,+1-555-241-5160,2025-04-01T15:48:36.275929,4911,active
CUST1686,Sarah,Johnson,user2795@example.com,+1-555-335-7743,2025-07-28T15:48:36.275932,7585,active
CUST1805,Sarah,Williams,user6133@example.com,+1-555-242-6929,2024-05-26T15:48:36.275935,5959,inactive
CUST5186,Emily,Jones,user5499@example.com,+1-555-997-8046,2025-09-17T15:48:36.275939,2138,active
CUST3569,Emily,Garcia,user5660@example.com,+1-555-318-6663,2024-10-21T15:48:36.275942,264,inactive
CUST2735,Jane,Garcia,user1379@example.com,+1-555-998-4153,2024-05-31T15:48:36.275945,5932,suspended
CUST2364,Emily,Miller,user9637@example.com,+1-555-877-1109,2024-07-10T15:48:36.275948,3798,active
CUST1122,David,Smith,user2402@example.com,+1-555-363-3989,2024-05-19T15:48:36.275951,4714,suspended
CUST9430,Michael,Jones,user265@example.com,+1-555-572-9189,2024-05-02T15:48:36.275954,2662,suspended
CUST6398,Michael,Johnson,user9731@example.com,+1-555-301-3635,2025-11-23T15:48:36.275957,4669,suspended
CUST9594,Sarah,Jones,user5502@example.com,+1-555-147-7983,2024-11-25T15:48:36.275960,4197,active
CUST2108,Jane,Williams,user8955@example.com,+1-555-213-4798,2024-02-11T15:48:36.275963,8481,inactive
CUST6458,Emily,Brown,user8591@example.com,+1-555-532-8721,2024-02-23T15:48:36.275966,2813,inactive
CUST6047,John,Smith,user1173@example.com,+1-555-723-4047,2025-11-30T15:48:36.275969,4221,active
CUST1163,Robert,Davis,user5924@example.com,+1-555-860-7811,2024-04-30T15:48:36.275973,3058,active
CUST3220,Lisa,Davis,user9471@example.com,+1-555-831-3048,2025-05-30T15:48:36.275976,1679,inactive
CUST8301,Michael,Smith,user1585@example.com,+1-555-965-6767,2025-11-02T15:48:36.275979,5276,suspended
CUST4495,John,Davis,user1643@example.com,+1-555-943-7191,2024-04-09T15:48:36.275982,1657,active
CUST1296,Sarah,Miller,user3002@example.com,+1-555-256-8052,2024-06-18T15:48:36.275985,4509,suspended
CUST8296,Michael,Williams,user8143@example.com,+1-555-595-5628,2024-10-17T15:48:36.275988,9728,active
CUST5837,Michael,Jones,user4754@example.com,+1-555-174-9062,2024-07-18T15:48:36.275991,3959,inactive
CUST1792,Robert,Davis,user4472@example.com,+1-555-532-1995,2024-07-20T15:48:36.275994,8100,active
CUST6676,Emily,Davis,user5364@example.com,+1-555-781-3611,2024-09-17T15:48:36.275997,7691,suspended
CUST4791,John,Garcia,user7594@example.com,+1-555-136-9901,2024-03-11T15:48:36.275999,2463,inactive
CUST9500,John,Garcia,user9457@example.com,+1-555-506-1074,2024-09-12T15:48:36.276002,6420,suspended
CUST5124,David,Johnson,user3182@example.com,+1-555-314-8808,2025-07-24T15:48:36.276005,9220,inactive
CUST8132,Michael,Miller,user8385@example.com,+1-555-373-9365,2024-08-10T15:48:36.276008,6171,suspended
CUST4671,Michael,Johnson,user1863@example.com,+1-555-340-9691,2024-12-04T15:48:36.276011,1985,suspended
CUST3876,Michael,Brown,user1970@example.com,+1-555-282-9950,2024-12-22T15:48:36.276014,7194,suspended
CUST4358,David,Johnson,user9507@example.com,+1-555-695-4535,2025-04-14T15:48:36.276017,5157,suspended
CUST8872,John,Johnson,user7500@example.com,+1-555-447-3592,2025-06-10T15:48:36.276020,4614,inactive
CUST4431,Michael,Garcia,user2425@example.com,+1-555-507-9282,2024-07-02T15:48:36.276023,5120,suspended
CUST5716,Sarah,Johnson,user9078@example.com,+1-555-327-4305,2024-07-16T15:48:36.276026,6108,suspended
CUST1745,John,Garcia,user7907@example.com,+1-555-312-6511,2026-01-04T15:48:36.276029,3993,active
CUST9630,Michael,Williams,user3956@example.com,+1-555-811-9273,2024-06-26T15:48:36.276032,4079,active
CUST6433,Jane,Miller,user5766@example.com,+1-555-518-5697,2025-02-22T15:48:36.276035,7405,suspended
CUST8188,Robert,Jones,user253@example.com,+1-555-856-7684,2025-01-05T15:48:36.276038,5157,inactive
CUST5560,David,Brown,user5271@example.com,+1-555-450-3036,2024-04-24T15:48:36.276041,76,inactive
CUST7217,Emily,Johnson,user8911@example.com,+1-555-747-7160,2025-07-11T15:48:36.276044,4170,suspended
CUST5736,Michael,Brown,user3031@example.com,+1-555-845-1992,2026-01-27T15:48:36.276047,9437,active
CUST9967,John,Miller,user993@example.com,+1-555-882-9488,2025-06-09T15:48:36.276050,7183,inactive
CUST8627,David,Davis,user8998@example.com,+1-555-687-5325,2024-04-29T15:48:36.276053,4762,active
CUST5742,Robert,Williams,user2715@example.com,+1-555-888-8012,2025-03-18T15:48:36.276056,4361,inactive
CUST8302,Lisa,Brown,user86@example.com,+1-555-371-5104,2025-12-23T15:48:36.276059,5883,suspended
CUST7734,Lisa,Jones,user7833@example.com,+1-555-451-6858,2025-02-16T15:48:36.276062,3739,active
CUST1734,Lisa,Smith,user3532@example.com,+1-555-779-7851,2024-02-22T15:48:36.276065,3715,active
CUST3739,Lisa,Smith,user6560@example.com,+1-555-572-4413,2025-02-22T15:48:36.276068,6314,inactive
CUST8669,Robert,Garcia,user8750@example.com,+1-555-586-1496,2025-02-12T15:48:36.276071,9470,active
CUST9659,Robert,Johnson,user2071@example.com,+1-555-698-9214,2024-12-10T15:48:36.276074,6301,inactive
CUST6156,Robert,Brown,user1880@example.com,+1-555-192-7902,2024-05-26T15:48:36.276078,6380,active
CUST5215,Lisa,Davis,user5155@example.com,+1-555-849-6412,2024-08-05T15:48:36.276081,3613,active
CUST7966,Michael,Davis,user7882@example.com,+1-555-427-9582,2024-03-24T15:48:36.276084,3301,suspended
CUST9004,Emily,Smith,user2435@example.com,+1-555-521-3097,2025-05-10T15:48:36.276087,3353,active
CUST1527,David,Brown,user3949@example.com,+1-555-802-4734,2024-03-13T15:48:36.276090,2041,suspended
CUST7092,David,Johnson,user6388@example.com,+1-555-306-9163,2025-01-23T15:48:36.276093,2620,active
CUST8859,John,Smith,user15@example.com,+1-555-403-5038,2025-08-05T15:48:36.276096,3820,active
CUST7394,Robert,Garcia,user9931@example.com,+1-555-316-6898,2024-08-19T15:48:36.276099,62,suspended
CUST1880,Michael,Garcia,user7856@example.com,+1-555-200-4044,2024-05-06T15:48:36.276103,680,inactive
CUST2408,Jane,Johnson,user3188@example.com,+1-555-979-6292,2025-07-12T15:48:36.276106,1183,inactive
CUST5861,Robert,Miller,user6435@example.com,+1-555-334-7220,2025-08-06T15:48:36.276109,3828,suspended
CUST4646,Lisa,Garcia,user571@example.com,+1-555-815-7968,2024-09-10T15:48:36.276112,4049,active
CUST9119,David,Miller,user575@example.com,+1-555-635-2399,2025-11-12T15:48:36.276115,6084,suspended
CUST9015,Jane,Brown,user7523@example.com,+1-555-271-5366,2025-01-06T15:48:36.276118,8158,suspended
CUST3555,John,Johnson,user1527@example.com,+1-555-679-6874,2024-09-30T15:48:36.276121,809,active
CUST5952,Sarah,Smith,user9993@example.com,+1-555-867-3483,2025-03-27T15:48:36.276124,4729,suspended
CUST4074,Sarah,Jones,user3795@example.com,+1-555-584-1314,2025-05-22T15:48:36.276127,1624,inactive
CUST7667,Jane,Brown,user5710@example.com,+1-555-640-2728,2024-08-31T15:48:36.276130,1346,inactive
CUST8298,Sarah,Jones,user5625@example.com,+1-555-972-9287,2024-04-04T15:48:36.276133,867,inactive
CUST5630,David,Jones,user2724@example.com,+1-555-961-8399,2025-01-27T15:48:36.276136,32,suspended
CUST5992,John,Johnson,user8764@example.com,+1-555-466-2587,2024-02-11T15:48:36.276139,3068,active
CUST3677,Robert,Miller,user1205@example.com,+1-555-623-5730,2024-12-16T15:48:36.276142,4475,suspended
CUST5200,Emily,Jones,user6718@example.com,+1-555-659-5116,2024-06-17T15:48:36.276145,2042,suspended
CUST4327,Michael,Davis,user9306@example.com,+1-555-208-2380,2024-09-05T15:48:36.276148,8948,suspended
CUST3030,John,Smith,user2418@example.com,+1-555-883-9889,2025-10-16T15:48:36.276151,1528,suspended
CUST5005,Jane,Miller,user2900@example.com,+1-555-391-7689,2025-11-10T15:48:36.276154,2658,suspended
CUST9427,Robert,Smith,user6003@example.com,+1-555-807-7485,2025-08-14T15:48:36.276157,4337,inactive
CUST6144,Lisa,Garcia,user4790@example.com,+1-555-856-8677,2024-09-16T15:48:36.276160,3105,inactive
CUST3644,Emily,Miller,user3816@example.com,+1-555-244-2034,2026-01-14T15:48:36.276163,2114,active
CUST1377,Robert,Garcia,user2357@example.com,+1-555-976-4705,2024-07-07T15:48:36.276166,1649,suspended
CUST3718,Emily,Brown,user2622@example.com,+1-555-725-6336,2025-11-08T15:48:36.276169,8647,suspended
CUST8094,Jane,Jones,user7456@example.com,+1-555-870-7399,2025-11-07T15:48:36.276172,298,inactive
CUST3508,Jane,Smith,user9541@example.com,+1-555-977-2738,2024-02-02T15:48:36.276176,2829,active
CUST1598,David,Brown,user172@example.com,+1-555-128-2193,2025-05-06T15:48:36.276179,9870,active
CUST3391,Jane,Brown,user3257@example.com,+1-555-427-5020,2025-07-23T15:48:36.276182,9458,inactive
CUST1250,Sarah,Johnson,user1282@example.com,+1-555-414-9988,2024-02-29T15:48:36.276185,3890,active
CUST9415,David,Miller,user4652@example.com,+1-555-331-1138,2025-08-17T15:48:36.276188,4470,suspended
CUST7168,John,Jones,user8195@example.com,+1-555-765-9266,2025-12-26T15:48:36.276191,8698,active
CUST6633,Lisa,Garcia,user1835@example.com,+1-555-818-6091,2025-03-27T15:48:36.276194,591,inactive
CUST7112,Michael,Johnson,user614@example.com,+1-555-151-6893,2025-11-03T15:48:36.276197,2983,suspended
CUST9333,Sarah,Johnson,user1316@example.com,+1-555-673-2403,2025-06-04T15:48:36.276199,307,inactive
CUST3224,David,Brown,user8832@example.com,+1-555-722-6572,2024-08-21T15:48:36.276203,6178,inactive
CUST5794,Lisa,Jones,user8868@example.com,+1-555-401-7069,2025-07-15T15:48:36.276206,2267,active
CUST9765,Lisa,Davis,user4697@example.com,+1-555-340-1655,2025-03-26T15:48:36.276208,4432,suspended
CUST2422,Michael,Davis,user1130@example.com,+1-555-259-1270,2024-06-13T15:48:36.276211,8117,active
CUST8807,David,Johnson,user2754@example.com,+1-555-371-8753,2024-04-03T15:48:36.276214,9435,suspended
CUST2395,Jane,Smith,user3158@example.com,+1-555-667-5998,2024-06-06T15:48:36.276218,8263,inactive
CUST1054,Lisa,Smith,user8015@example.com,+1-555-738-9942,2024-07-18T15:48:36.276220,7139,active
CUST8342,John,Williams,user5475@example.com,+1-555-904-4752,2024-11-03T15:48:36.276223,6368,suspended
CUST9004,Lisa,Davis,user5113@example.com,+1-555-690-8857,2025-03-29T15:48:36.276226,2762,suspended
CUST1905,Emily,Smith,user3183@example.com,+1-555-253-7521,2024-02-17T15:48:36.276229,7793,active
CUST1786,Emily,Williams,user6070@example.com,+1-555-104-5057,2026-01-19T15:48:36.276232,8585,inactive
CUST3501,Emily,Miller,user9002@example.com,+1-555-482-9916,2024-08-12T15:48:36.276236,1784,suspended
CUST8790,Lisa,Williams,user10@example.com,+1-555-580-6722,2025-01-07T15:48:36.276239,4293,suspended
CUST6468,John,Smith,user3954@example.com,+1-555-751-3439,2024-09-05T15:48:36.276242,632,inactive
CUST4289,Michael,Johnson,user3692@example.com,+1-555-791-7557,2024-11-19T15:48:36.276245,2163,inactive
CUST1169,David,Miller,user9095@example.com,+1-555-284-5620,2024-12-10T15:48:36.276248,7816,active
CUST5013,Emily,Jones,user5161@example.com,+1-555-230-9375,2024-05-30T15:48:36.276251,2532,inactive
CUST9465,Lisa,Johnson,user6299@example.com,+1-555-200-4684,2024-09-10T15:48:36.276254,6401,active
CUST3174,Lisa,Williams,user4396@example.com,+1-555-787-9892,2024-02-21T15:48:36.276257,8356,inactive
CUST4488,Robert,Johnson,user9313@example.com,+1-555-208-6042,2025-08-24T15:48:36.276260,6561,inactive
CUST6540,David,Johnson,user266@example.com,+1-555-495-2442,2025-07-11T15:48:36.276263,3392,inactive
CUST2505,David,Miller,user9311@example.com,+1-555-586-6384,2024-04-11T15:48:36.276266,5464,inactive
CUST9780,Robert,Davis,user6796@example.com,+1-555-719-2734,2024-06-17T15:48:36.276269,3912,active
CUST6548,Sarah,Jones,user4412@example.com,+1-555-792-6611,2024-01-31T15:48:36.276272,1200,active
CUST3443,Michael,Jones,user5572@example.com,+1-555-814-2856,2025-05-03T15:48:36.276275,7726,inactive
CUST7440,Jane,Garcia,user5407@example.com,+1-555-454-9158,2024-11-01T15:48:36.276278,6457,suspended
CUST2889,Robert,Davis,user8971@example.com,+1-555-283-3609,2024-03-26T15:48:36.276281,362,suspended
CUST2396,Sarah,Davis,user2256@example.com,+1-555-451-4283,2024-05-10T15:48:36.276284,2154,inactive
CUST9060,Emily,Johnson,user9294@example.com,+1-555-485-3818,2024-10-09T15:48:36.276287,7704,inactive
CUST1151,Michael,Garcia,user4966@example.com,+1-555-469-1627,2024-07-11T15:48:36.276290,9782,active
CUST3311,David,Smith,user4917@example.com,+1-555-684-3178,2024-07-03T15:48:36.276293,6152,suspended
CUST8161,Lisa,Davis,user9544@example.com,+1-555-995-1540,2024-10-19T15:48:36.276296,4944,inactive
CUST5746,Lisa,Johnson,user9315@example.com,+1-555-313-9513,2024-05-19T15:48:36.276298,8581,suspended
CUST2803,John,Garcia,user596@example.com,+1-555-287-8128,2026-01-05T15:48:36.276301,809,active
CUST3793,Michael,Jones,user5005@example.com,+1-555-708-8455,2025-02-05T15:48:36.276304,5451,active
CUST5621,Sarah,Miller,user3197@example.com,+1-555-268-3882,2025-09-23T15:48:36.276308,3055,active
CUST8936,Lisa,Miller,user6908@example.com,+1-555-380-4769,2025-01-19T15:48:36.276311,4691,suspended
CUST9507,Sarah,Jones,user5959@example.com,+1-555-239-6452,2025-10-12T15:48:36.276314,3563,active
CUST5271,Lisa,Williams,user2802@example.com,+1-555-648-2794,2025-04-27T15:48:36.276317,8598,active
CUST8184,Lisa,Garcia,user4097@example.com,+1-555-857-7320,2024-11-24T15:48:36.276320,9317,suspended
CUST5337,Robert,Brown,user460@example.com,+1-555-347-4698,2024-02-18T15:48:36.276323,1582,active
CUST1504,John,Garcia,user7424@example.com,+1-555-794-3961,2025-08-12T15:48:36.276325,9577,active
CUST9108,Robert,Jones,user8823@example.com,+1-555-681-1715,2026-01-10T15:48:36.276328,6213,inactive
CUST9590,Robert,Jones,user8327@example.com,+1-555-175-1620,2025-08-28T15:48:36.276331,8647,active
CUST8371,Robert,Williams,user3168@example.com,+1-555-155-7850,2025-02-23T15:48:36.276334,6110,active
CUST3983,Jane,Johnson,user4339@example.com,+1-555-640-8974,2024-07-16T15:48:36.276337,3166,suspended
CUST7560,David,Miller,user8069@example.com,+1-555-514-6727,2024-06-28T15:48:36.276340,5364,active
CUST3411,Emily,Garcia,user1618@example.com,+1-555-935-1907,2024-05-14T15:48:36.276343,3512,active
CUST9510,Michael,Brown,user5425@example.com,+1-555-597-6013,2024-12-03T15:48:36.276346,4323,active
CUST5342,David,Brown,user5541@example.com,+1-555-740-6492,2024-02-12T15:48:36.276349,5183,suspended
CUST7986,Michael,Davis,user8706@example.com,+1-555-464-4762,2024-04-27T15:48:36.276351,5588,suspended
CUST8353,John,Jones,user1444@example.com,+1-555-850-1668,2025-10-23T15:48:36.276354,3343,inactive
CUST7087,Emily,Johnson,user7306@example.com,+1-555-282-6507,2026-01-26T15:48:36.276357,7308,inactive
CUST5126,David,Miller,user5083@example.com,+1-555-700-4587,2024-03-01T15:48:36.276360,2330,active
CUST8453,Michael,Garcia,user4144@example.com,+1-555-577-5092,2025-06-28T15:48:36.276363,6578,suspended
CUST5220,Robert,Johnson,user7174@example.com,+1-555-824-9498,2025-12-27T15:48:36.276367,8927,suspended
CUST7046,John,Jones,user8573@example.com,+1-555-873-6899,2025-04-14T15:48:36.276370,4608,suspended
CUST8066,Michael,Williams,user1295@example.com,+1-555-171-9471,2025-07-14T15:48:36.276373,5076,inactive
CUST4925,John,Williams,user1353@example.com,+1-555-488-8008,2024-07-16T15:48:36.276376,2112,active
CUST7901,Jane,Brown,user9024@example.com,+1-555-934-6832,2025-08-15T15:48:36.276379,8287,active
CUST3322,Sarah,Davis,user4234@example.com,+1-555-394-5698,2024-04-23T15:48:36.276382,8943,active
CUST9050,Emily,Davis,user235@example.com,+1-555-924-2334,2025-10-15T15:48:36.276385,2384,inactive
CUST4697,David,Miller,user4511@example.com,+1-555-326-4567,2025-07-16T15:48:36.276388,7113,suspended
CUST9600,Robert,Jones,user8331@example.com,+1-555-265-3657,2025-07-25T15:48:36.276391,7653,inactive
CUST4909,Sarah,Garcia,user4303@example.com,+1-555-579-5349,2025-04-23T15:48:36.276394,5037,active
CUST9740,Emily,Williams,user1226@example.com,+1-555-397-5622,2025-07-22T15:48:36.276397,9196,inactive
CUST3873,David,Brown,user7360@example.com,+1-555-723-9407,2024-08-04T15:48:36.276400,8991,suspended
CUST2015,David,Johnson,user521@example.com,+1-555-886-9237,2024-05-02T15:48:36.276403,7416,inactive
CUST4277,Sarah,Davis,user7735@example.com,+1-555-507-3864,2024-11-02T15:48:36.276405,792,suspended
CUST3837,Sarah,Brown,user5102@example.com,+1-555-669-8473,2025-10-27T15:48:36.276409,4623,active
CUST1099,Robert,Johnson,user9172@example.com,+1-555-731-8784,2024-11-13T15:48:36.276412,2048,suspended
CUST3843,Jane,Davis,user1728@example.com,+1-555-383-7519,2025-05-08T15:48:36.276415,5608,active
CUST5361,David,Garcia,user5691@example.com,+1-555-142-3167,2024-05-08T15:48:36.276418,5700,active
CUST6606,David,Davis,user9732@example.com,+1-555-621-1335,2024-08-09T15:48:36.276421,668,active
CUST1549,Lisa,Brown,user1562@example.com,+1-555-293-4050,2025-03-06T15:48:36.276424,5827,active
CUST7429,Sarah,Johnson,user6431@example.com,+1-555-622-7809,2024-07-28T15:48:36.276427,9364,active
CUST7729,David,Garcia,user6120@example.com,+1-555-721-2976,2025-12-25T15:48:36.276430,9354,inactive
CUST2814,Jane,Johnson,user3106@example.com,+1-555-970-2544,2025-11-22T15:48:36.276434,6081,active
CUST5635,Sarah,Smith,user8941@example.com,+1-555-978-4326,2025-09-15T15:48:36.276436,2149,suspended
CUST8708,Emily,Miller,user6228@example.com,+1-555-966-4717,2024-02-11T15:48:36.276439,6746,inactive
CUST4374,Sarah,Miller,user2358@example.com,+1-555-331-5732,2025-01-15T15:48:36.276442,3898,suspended
CUST4024,Michael,Johnson,user3206@example.com,+1-555-393-1005,2025-08-29T15:48:36.276445,3075,active
CUST5677,Sarah,Brown,user1297@example.com,+1-555-850-6589,2024-02-29T15:48:36.276448,3783,active
CUST5386,Lisa,Williams,user1747@example.com,+1-555-804-8404,2025-05-13T15:48:36.276451,2412,active
CUST1044,David,Johnson,user6241@example.com,+1-555-416-4386,2024-04-30T15:48:36.276454,5914,suspended
CUST6511,Sarah,Brown,user1331@example.com,+1-555-545-2117,2025-05-18T15:48:36.276457,1371,suspended
CUST3945,David,Smith,user9118@example.com,+1-555-146-5131,2025-03-13T15:48:36.276460,4430,active
CUST1213,David,Johnson,user729@example.com,+1-555-816-4718,2024-05-14T15:48:36.276464,4665,active
CUST1337,David,Johnson,user4339@example.com,+1-555-574-2094,2024-06-06T15:48:36.276467,5178,inactive
CUST8369,Lisa,Brown,user76@example.com,+1-555-241-1333,2024-05-21T15:48:36.276470,9844,suspended
CUST3525,Michael,Davis,user541@example.com,+1-555-996-5327,2024-04-27T15:48:36.276473,4742,suspended
CUST4679,John,Johnson,user1145@example.com,+1-555-592-8474,2024-03-08T15:48:36.276475,5103,suspended
CUST4124,John,Miller,user8865@example.com,+1-555-512-6162,2024-08-04T15:48:36.276478,1340,inactive
CUST7440,John,Smith,user2742@example.com,+1-555-985-8075,2025-09-20T15:48:36.276481,8231,inactive
CUST4038,Emily,Garcia,user5419@example.com,+1-555-769-5227,2025-04-24T15:48:36.276484,3285,active
CUST3469,Jane,Davis,user65@example.com,+1-555-590-2734,2024-08-27T15:48:36.276487,3839,suspended
CUST6815,Michael,Johnson,user223@example.com,+1-555-554-8368,2025-01-19T15:48:36.276490,8126,active
CUST8559,Robert,Jones,user9631@example.com,+1-555-684-6738,2024-09-16T15:48:36.276493,8559,active
CUST6514,Michael,Brown,user8042@example.com,+1-555-578-6076,2025-07-28T15:48:36.276497,5869,suspended
CUST9533,Sarah,Garcia,user3682@example.com,+1-555-194-2585,2025-02-28T15:48:36.276500,6209,active
CUST5306,Robert,Jones,user6038@example.com,+1-555-655-4332,2024-07-08T15:48:36.276503,2373,suspended
CUST5288,Sarah,Brown,user7537@example.com,+1-555-743-1916,2024-09-18T15:48:36.276506,859,inactive
CUST4506,David,Williams,user2677@example.com,+1-555-770-3424,2024-06-04T15:48:36.276509,1756,inactive
CUST8554,David,Brown,user3541@example.com,+1-555-556-7314,2025-11-16T15:48:36.276512,9988,suspended
CUST6557,Sarah,Johnson,user5378@example.com,+1-555-574-3363,2024-10-17T15:48:36.276515,1010,active
CUST3375,David,Smith,user8295@example.com,+1-555-988-8705,2024-03-31T15:48:36.276518,9051,suspended
CUST6614,Sarah,Johnson,user3157@example.com,+1-555-293-1176,2024-03-16T15:48:36.276521,5055,suspended
CUST9079,Emily,Jones,user12@example.com,+1-555-495-6038,2025-03-28T15:48:36.276524,9576,active
CUST9801,Emily,Garcia,user1459@example.com,+1-555-164-7457,2025-02-28T15:48:36.276527,9900,inactive
CUST7854,Jane,Brown,user525@example.com,+1-555-454-1080,2024-03-09T15:48:36.276530,1368,inactive
CUST7999,Michael,Garcia,user6084@example.com,+1-555-379-3996,2025-02-02T15:48:36.276533,1143,inactive
CUST2222,Robert,Garcia,user5180@example.com,+1-555-512-9794,2025-09-01T15:48:36.276536,4577,inactive
CUST7879,Lisa,Jones,user7860@example.com,+1-555-855-8869,2025-05-17T15:48:36.276539,6894,suspended
CUST8099,Michael,Miller,user2702@example.com,+1-555-191-2992,2025-04-08T15:48:36.276542,8501,inactive
CUST9101,John,Miller,user1383@example.com,+1-555-998-5823,2024-07-08T15:48:36.276545,549,active
CUST5758,Jane,Jones,user1609@example.com,+1-555-304-6783,2024-06-30T15:48:36.276548,3747,suspended
CUST1410,Lisa,Jones,user6365@example.com,+1-555-850-3762,2025-01-02T15:48:36.276551,5814,suspended
CUST8194,Robert,Brown,user2065@example.com,+1-555-669-1012,2024-06-30T15:48:36.276554,1366,inactive
CUST7285,John,Williams,user1113@example.com,+1-555-502-7305,2024-03-21T15:48:36.276557,3070,suspended
CUST1151,David,Williams,user1344@example.com,+1-555-741-3523,2024-10-27T15:48:36.276560,4533,inactive
CUST4262,Jane,Smith,user9981@example.com,+1-555-991-3245,2024-06-18T15:48:36.276563,8913,active
CUST1060,John,Smith,user3239@example.com,+1-555-929-6786,2024-04-24T15:48:36.276566,4732,suspended
CUST8515,Emily,Garcia,user2105@example.com,+1-555-869-4363,2025-10-28T15:48:36.276569,3229,active
CUST1701,Robert,Williams,user4576@example.com,+1-555-121-6538,2024-10-01T15:48:36.276572,9167,active
CUST1974,Robert,Miller,user773@example.com,+1-555-230-3301,2024-05-29T15:48:36.276575,3002,inactive
CUST2335,Emily,Garcia,user4644@example.com,+1-555-941-8853,2025-08-10T15:48:36.276579,8340,inactive
CUST5709,Lisa,Miller,user1056@example.com,+1-555-630-9880,2025-11-24T15:48:36.276582,2819,inactive
CUST2283,Lisa,Williams,user9776@example.com,+1-555-259-7010,2025-05-30T15:48:36.276585,7043,active
CUST3244,Lisa,Williams,user9764@example.com,+1-555-558-7309,2024-05-30T15:48:36.276588,8091,active
CUST6921,Michael,Johnson,user5521@example.com,+1-555-717-5894,2025-10-06T15:48:36.276591,9106,inactive
CUST9082,Lisa,Jones,user7231@example.com,+1-555-712-4707,2025-08-24T15:48:36.276594,9463,inactive
CUST7484,Jane,Smith,user2006@example.com,+1-555-668-4615,2025-02-17T15:48:36.276597,6599,inactive
CUST9751,Lisa,Smith,user5886@example.com,+1-555-851-5043,2024-04-07T15:48:36.276600,5065,active
CUST2764,Emily,Miller,user2488@example.com,+1-555-376-6228,2024-07-27T15:48:36.276603,7744,inactive
CUST9675,Jane,Williams,user2457@example.com,+1-555-592-5621,2024-12-20T15:48:36.276606,8472,suspended
CUST5289,David,Garcia,user1420@example.com,+1-555-148-5434,2025-12-20T15:48:36.276609,9043,inactive
CUST9607,David,Garcia,user2389@example.com,+1-555-912-4611,2024-07-12T15:48:36.276612,5067,suspended
CUST8402,Lisa,Brown,user6644@example.com,+1-555-633-7177,2025-09-27T15:48:36.276615,8119,suspended
CUST4013,Lisa,Williams,user7633@example.com,+1-555-456-7447,2024-10-16T15:48:36.276618,2595,active
CUST9303,David,Johnson,user5555@example.com,+1-555-998-7345,2024-09-12T15:48:36.276622,9711,inactive
CUST1088,Michael,Brown,user8471@example.com,+1-555-393-4951,2025-05-05T15:48:36.276625,4342,active
CUST2285,Robert,Smith,user4635@example.com,+1-555-873-4231,2025-06-15T15:48:36.276628,1363,active
CUST7620,Robert,Brown,user375@example.com,+1-555-564-3148,2025-07-23T15:48:36.276631,7394,active
CUST5367,Emily,Johnson,user2881@example.com,+1-555-690-4540,2024-03-04T15:48:36.276634,7209,inactive
CUST7282,Jane,Davis,user2232@example.com,+1-555-418-3630,2025-07-14T15:48:36.276637,2922,suspended
CUST9599,Sarah,Miller,user446@example.com,+1-555-343-1801,2025-12-20T15:48:36.276640,6451,suspended
CUST4481,Robert,Jones,user4774@example.com,+1-555-448-9930,2025-01-03T15:48:36.276643,5473,suspended
CUST9686,Emily,Williams,user6526@example.com,+1-555-533-9173,2025-08-22T15:48:36.276646,5995,active
CUST9971,Robert,Davis,user8562@example.com,+1-555-994-3785,2024-08-18T15:48:36.276650,3217,suspended
CUST5610,Sarah,Johnson,user6218@example.com,+1-555-137-1608,2025-07-11T15:48:36.276653,4851,active
CUST3158,Jane,Miller,user6734@example.com,+1-555-565-2711,2024-07-14T15:48:36.276656,4597,suspended
CUST7895,David,Smith,user2241@example.com,+1-555-131-1306,2024-03-27T15:48:36.276659,6340,inactive
CUST1092,Emily,Brown,user3096@example.com,+1-555-873-4627,2025-09-10T15:48:36.276662,3563,suspended
CUST9036,Robert,Miller,user794@example.com,+1-555-222-5414,2025-12-21T15:48:36.276665,4261,active
CUST6578,Sarah,Williams,user4344@example.com,+1-555-398-7749,2025-10-19T15:48:36.276668,9537,active
CUST1969,Emily,Brown,user4757@example.com,+1-555-587-4551,2025-05-09T15:48:36.276671,4473,inactive
CUST9275,Sarah,Smith,user2564@example.com,+1-555-119-6222,2025-06-04T15:48:36.276674,990,suspended
CUST4466,Robert,Brown,user1626@example.com,+1-555-285-1842,2025-06-22T15:48:36.276677,9310,inactive
CUST4065,Emily,Miller,user9743@example.com,+1-555-340-6764,2025-08-31T15:48:36.276680,2730,active
CUST2585,John,Johnson,user6811@example.com,+1-555-118-2520,2026-01-18T15:48:36.276683,719,inactive
CUST6715,Robert,Williams,user3332@example.com,+1-555-876-7917,2025-01-19T15:48:36.276686,7963,inactive
CUST3355,Jane,Johnson,user44@example.com,+1-555-626-6454,2024-05-14T15:48:36.276689,7475,inactive
CUST3446,Emily,Smith,user8103@example.com,+1-555-988-9039,2024-08-29T15:48:36.276692,6101,active
CUST1336,David,Williams,user4656@example.com,+1-555-299-2261,2024-09-27T15:48:36.276695,8964,suspended
CUST3206,Emily,Johnson,user558@example.com,+1-555-755-4128,2024-10-16T15:48:36.276698,6532,active
CUST7640,John,Smith,user7559@example.com,+1-555-680-9275,2024-04-22T15:48:36.276701,4167,active
CUST6259,David,Smith,user1233@example.com,+1-555-116-1001,2025-05-01T15:48:36.276704,364,suspended
CUST5037,John,Smith,user6329@example.com,+1-555-521-3516,2024-04-11T15:48:36.276708,8049,suspended
CUST8802,Sarah,Williams,user4195@example.com,+1-555-370-3159,2024-06-09T15:48:36.276710,8285,inactive
CUST7028,Michael,Davis,user3947@example.com,+1-555-599-8889,2025-01-16T15:48:36.276714,1859,active
CUST8504,Jane,Davis,user9921@example.com,+1-555-201-9424,2025-02-16T15:48:36.276717,9174,active
CUST2688,Emily,Smith,user5431@example.com,+1-555-434-6365,2025-07-10T15:48:36.276720,811,inactive
CUST9309,John,Johnson,user2348@example.com,+1-555-783-7333,2026-01-16T15:48:36.276723,3630,suspended
CUST4296,Jane,Smith,user8156@example.com,+1-555-109-4891,2025-10-31T15:48:36.276726,7557,active
CUST6405,Emily,Smith,user8656@example.com,+1-555-327-9633,2025-03-18T15:48:36.276730,6232,active
CUST1525,David,Garcia,user9890@example.com,+1-555-544-1187,2024-06-05T15:48:36.276733,9630,inactive
CUST8727,Sarah,Miller,user2551@example.com,+1-555-468-8216,2026-01-07T15:48:36.276736,7703,inactive
CUST8362,John,Smith,user5234@example.com,+1-555-263-4718,2025-03-28T15:48:36.276739,8397,suspended
CUST1369,Lisa,Smith,user1354@example.com,+1-555-412-9769,2025-01-30T15:48:36.276742,8655,active
CUST8538,Lisa,Williams,user8953@example.com,+1-555-164-2098,2024-12-27T15:48:36.276745,1157,inactive
CUST3468,Emily,Brown,user6464@example.com,+1-555-551-1513,2025-07-27T15:48:36.276749,5846,suspended
CUST8947,Robert,Garcia,user7371@example.com,+1-555-527-8354,2025-01-19T15:48:36.276752,5440,suspended
CUST9960,Robert,Garcia,user8008@example.com,+1-555-375-4646,2025-06-10T15:48:36.276755,4895,active
CUST7278,John,Jones,user9376@example.com,+1-555-576-1306,2024-08-23T15:48:36.276758,2401,inactive
CUST6979,Sarah,Brown,user4995@example.com,+1-555-259-2987,2024-04-12T15:48:36.276761,9708,active
CUST5859,Lisa,Brown,user9579@example.com,+1-555-584-9794,2025-09-20T15:48:36.276764,1991,inactive
CUST5428,Emily,Jones,user4812@example.com,+1-555-952-3469,2025-03-10T15:48:36.276766,3837,suspended
CUST6692,Lisa,Garcia,user9119@example.com,+1-555-656-8843,2025-11-23T15:48:36.276770,2577,inactive
CUST8233,Michael,Davis,user8447@example.com,+1-555-759-4538,2024-11-12T15:48:36.276773,2096,active
CUST9055,Emily,Davis,user3464@example.com,+1-555-382-1399,2024-07-31T15:48:36.276775,2632,inactive
CUST7384,Jane,Brown,user4044@example.com,+1-555-996-7594,2024-03-04T15:48:36.276779,8991,inactive
CUST9564,David,Brown,user1387@example.com,+1-555-172-7471,2024-08-19T15:48:36.276782,3149,active
CUST6937,Jane,Davis,user8303@example.com,+1-555-989-7618,2025-04-25T15:48:36.276785,9937,active
CUST5789,Robert,Davis,user3916@example.com,+1-555-397-6507,2025-10-16T15:48:36.276788,495,active
CUST1530,Michael,Williams,user9921@example.com,+1-555-792-4567,2025-07-09T15:48:36.276791,3200,suspended
CUST3169,Robert,Garcia,user1829@example.com,+1-555-514-5958,2025-10-25T15:48:36.276794,672,inactive
CUST6377,Lisa,Williams,user4130@example.com,+1-555-391-1157,2024-03-23T15:48:36.276797,5152,suspended
CUST8476,John,Jones,user9011@example.com,+1-555-656-9321,2024-03-24T15:48:36.276800,1980,suspended
CUST5424,David,Williams,user2387@example.com,+1-555-234-1803,2025-06-21T15:48:36.276803,7717,inactive
CUST1947,David,Johnson,user7559@example.com,+1-555-256-2469,2025-06-07T15:48:36.276806,9624,active
CUST5730,Michael,Garcia,user9946@example.com,+1-555-545-1766,2024-07-01T15:48:36.276809,1528,suspended
CUST9723,Sarah,Brown,user6690@example.com,+1-555-325-3414,2025-02-09T15:48:36.276813,7124,suspended
CUST7246,Robert,Williams,user4524@example.com,+1-555-920-9457,2025-05-21T15:48:36.276816,2597,inactive
CUST1251,Michael,Johnson,user7681@example.com,+1-555-290-2061,2025-08-27T15:48:36.276819,3285,suspended
CUST7133,Sarah,Williams,user3725@example.com,+1-555-154-5164,2025-08-24T15:48:36.276822,3758,active
CUST2500,John,Jones,user1326@example.com,+1-555-344-6755,2025-11-15T15:48:36.276825,2528,suspended
CUST4918,David,Brown,user5776@example.com,+1-555-211-3045,2025-10-19T15:48:36.276828,2795,active
CUST8160,Sarah,Miller,user5562@example.com,+1-555-100-5495,2024-11-17T15:48:36.276831,5215,suspended
CUST2372,John,Williams,user7900@example.com,+1-555-452-5691,2024-11-28T15:48:36.276834,1552,suspended
CUST4945,Jane,Jones,user7994@example.com,+1-555-202-9804,2024-02-27T15:48:36.276837,9984,suspended
CUST7380,Emily,Smith,user4657@example.com,+1-555-668-8258,2025-03-10T15:48:36.276840,8768,active
CUST2735,Lisa,Brown,user4493@example.com,+1-555-700-6318,2025-10-29T15:48:36.276843,5077,active
CUST1929,Jane,Jones,user3326@example.com,+1-555-489-7226,2025-07-12T15:48:36.276846,4827,active
CUST8735,Sarah,Miller,user2756@example.com,+1-555-563-6784,2024-06-19T15:48:36.276849,7817,active
CUST8009,Robert,Brown,user3016@example.com,+1-555-580-8840,2024-08-23T15:48:36.276852,1329,suspended
CUST5150,Sarah,Garcia,user764@example.com,+1-555-285-7998,2025-01-04T15:48:36.276855,2909,suspended
CUST9235,Lisa,Garcia,user2779@example.com,+1-555-465-6419,2025-04-21T15:48:36.276858,3145,inactive
CUST8034,John,Miller,user5487@example.com,+1-555-873-9198,2025-09-13T15:48:36.276862,5505,inactive
CUST1114,Sarah,Miller,user4296@example.com,+1-555-255-2780,2025-03-23T15:48:36.276865,6074,suspended
CUST3192,Jane,Davis,user8125@example.com,+1-555-175-6490,2025-04-24T15:48:36.276868,6387,suspended
CUST1761,Lisa,Davis,user7065@example.com,+1-555-883-4983,2025-11-12T15:48:36.276871,9368,inactive
CUST1212,Sarah,Johnson,user4645@example.com,+1-555-283-7047,2025-02-17T15:48:36.276874,5318,active
CUST1164,Sarah,Johnson,user1939@example.com,+1-555-476-3220,2024-08-30T15:48:36.276877,3867,suspended
CUST8291,Emily,Williams,user6241@example.com,+1-555-259-1493,2024-12-09T15:48:36.276880,5487,inactive
CUST3304,Lisa,Jones,user9923@example.com,+1-555-939-9246,2024-10-19T15:48:36.276883,4000,suspended
CUST4583,Sarah,Garcia,user2036@example.com,+1-555-453-6580,2025-04-30T15:48:36.276886,3101,suspended
CUST9144,John,Smith,user9828@example.com,+1-555-483-2521,2025-12-22T15:48:36.276889,6305,active
CUST2241,Sarah,Johnson,user8137@example.com,+1-555-203-2579,2025-05-10T15:48:36.276892,2524,inactive
CUST2994,Robert,Miller,user5828@example.com,+1-555-343-2209,2024-08-19T15:48:36.276895,3872,inactive
CUST8501,Sarah,Garcia,user3462@example.com,+1-555-992-1232,2025-04-15T15:48:36.276898,5256,active
CUST4063,Michael,Garcia,user6265@example.com,+1-555-158-3553,2025-05-08T15:48:36.276901,2354,inactive
CUST6975,David,Davis,user8665@example.com,+1-555-663-4665,2024-10-26T15:48:36.276904,9202,inactive
CUST8384,David,Smith,user4597@example.com,+1-555-697-5463,2025-01-28T15:48:36.276907,706,suspended
CUST8002,Lisa,Garcia,user4252@example.com,+1-555-723-9540,2024-06-30T15:48:36.276910,9130,active
CUST7606,Jane,Garcia,user2346@example.com,+1-555-568-1353,2026-01-03T15:48:36.276913,952,inactive
CUST1745,David,Jones,user9911@example.com,+1-555-150-6737,2025-09-04T15:48:36.276916,3331,inactive
CUST3442,David,Smith,user2808@example.com,+1-555-190-2951,2024-07-11T15:48:36.276919,9635,inactive
CUST8823,David,Brown,user4244@example.com,+1-555-330-5813,2024-02-19T15:48:36.276922,7916,suspended
CUST2196,Sarah,Davis,user2609@example.com,+1-555-201-9991,2025-09-05T15:48:36.276925,6692,active
CUST9961,Jane,Johnson,user7885@example.com,+1-555-685-1243,2024-10-06T15:48:36.276928,9723,inactive
CUST9678,Sarah,Johnson,user4323@example.com,+1-555-718-6402,2025-02-22T15:48:36.276932,4679,active
CUST4929,Sarah,Williams,user1684@example.com,+1-555-755-6374,2025-12-29T15:48:36.276935,3451,suspended
CUST9942,Robert,Johnson,user1061@example.com,+1-555-471-1835,2024-10-13T15:48:36.276938,2162,inactive
CUST1555,Emily,Davis,user9000@example.com,+1-555-199-4758,2025-05-07T15:48:36.276941,1704,inactive
CUST9619,Michael,Johnson,user1685@example.com,+1-555-546-5059,2025-02-17T15:48:36.276944,3920,active
CUST8255,David,Smith,user4011@example.com,+1-555-585-7342,2025-03-29T15:48:36.276947,2453,suspended
CUST3044,Robert,Garcia,user1530@example.com,+1-555-874-3209,2025-01-25T15:48:36.276950,4653,active
CUST4760,Emily,Jones,user8640@example.com,+1-555-826-3650,2024-08-19T15:48:36.276953,1818,inactive
CUST1421,Michael,Johnson,user6382@example.com,+1-555-237-1833,2024-05-18T15:48:36.276956,9107,active
CUST1404,Sarah,Davis,user9021@example.com,+1-555-309-3442,2025-01-28T15:48:36.276959,1610,active
CUST9643,Jane,Miller,user8426@example.com,+1-555-187-4295,2025-07-03T15:48:36.276962,6372,inactive
CUST8980,Emily,Williams,user545@example.com,+1-555-148-6858,2025-01-13T15:48:36.276965,7528,active
CUST6172,Michael,Williams,user2918@example.com,+1-555-390-9690,2025-12-21T15:48:36.276968,5640,suspended
CUST2640,Robert,Davis,user6953@example.com,+1-555-262-3191,2025-10-21T15:48:36.276971,2164,suspended
CUST7277,Michael,Jones,user9346@example.com,+1-555-175-8604,2024-08-19T15:48:36.276974,3605,active
CUST7584,Jane,Jones,user7999@example.com,+1-555-161-3375,2026-01-05T15:48:36.276977,5623,active
CUST7134,Lisa,Garcia,user280@example.com,+1-555-332-1209,2024-07-14T15:48:36.276980,7336,inactive
CUST7758,Lisa,Garcia,user5737@example.com,+1-555-425-2648,2025-05-02T15:48:36.276983,555,suspended
CUST4240,Emily,Garcia,user2913@example.com,+1-555-281-8170,2026-01-25T15:48:36.276986,7999,active
CUST6492,Emily,Brown,user7921@example.com,+1-555-103-6274,2024-08-13T15:48:36.276989,8540,suspended
CUST6224,Lisa,Garcia,user9474@example.com,+1-555-918-4255,2025-02-28T15:48:36.276992,6897,active
CUST6023,David,Garcia,user2058@example.com,+1-555-867-1888,2025-04-02T15:48:36.276995,7613,inactive
CUST3982,Robert,Garcia,user5366@example.com,+1-555-750-5622,2025-01-11T15:48:36.276998,2636,active
CUST9532,John,Miller,user1789@example.com,+1-555-757-3035,2025-02-05T15:48:36.277001,8596,active
CUST1694,Emily,Davis,user3374@example.com,+1-555-222-6787,2025-03-18T15:48:36.277005,5918,inactive
CUST5811,Sarah,Miller,user5254@example.com,+1-555-645-5211,2025-08-04T15:48:36.277008,5305,active
CUST1189,Emily,Johnson,user1380@example.com,+1-555-694-2469,2025-05-13T15:48:36.277011,9586,active
CUST8552,Lisa,Brown,user6227@example.com,+1-555-533-7724,2025-02-06T15:48:36.277014,6304,active
CUST3291,John,Williams,user1444@example.com,+1-555-874-2117,2024-11-30T15:48:36.277017,7103,suspended
CUST1184,Emily,Johnson,user1552@example.com,+1-555-726-9930,2025-01-17T15:48:36.277020,1994,active
CUST9275,Lisa,Brown,user5925@example.com,+1-555-836-4319,2024-02-19T15:48:36.277023,5488,active
CUST3655,David,Smith,user2436@example.com,+1-555-504-8088,2024-11-04T15:48:36.277026,7196,inactive
CUST7351,Robert,Smith,user3556@example.com,+1-555-869-1002,2024-07-11T15:48:36.277029,2122,inactive
CUST9546,Lisa,Jones,user5086@example.com,+1-555-606-4085,2024-06-20T15:48:36.277032,3052,active
CUST2858,Sarah,Davis,user7269@example.com,+1-555-442-2872,2025-06-23T15:48:36.277035,5655,active
CUST1179,Lisa,Davis,user7389@example.com,+1-555-210-4222,2025-07-01T15:48:36.277038,2367,active
CUST4814,Sarah,Brown,user9257@example.com,+1-555-253-3454,2024-07-21T15:48:36.277041,2980,suspended
CUST2348,Emily,Williams,user6305@example.com,+1-555-340-5332,2024-12-22T15:48:36.277044,4703,suspended
CUST5800,Sarah,Johnson,user6762@example.com,+1-555-960-4162,2024-06-29T15:48:36.277047,711,suspended
CUST7529,Michael,Johnson,user2130@example.com,+1-555-347-5235,2025-06-15T15:48:36.277050,3375,inactive
CUST8662,Robert,Williams,user2471@example.com,+1-555-324-6009,2025-01-05T15:48:36.277053,2741,suspended
CUST5868,Robert,Miller,user6729@example.com,+1-555-247-9023,2025-04-24T15:48:36.277056,6859,active
CUST5781,Sarah,Brown,user9284@example.com,+1-555-690-9462,2025-01-25T15:48:36.277059,963,suspended
CUST8473,Lisa,Jones,user3656@example.com,+1-555-868-1101,2024-05-07T15:48:36.277062,4514,inactive
CUST7174,Lisa,Smith,user3337@example.com,+1-555-262-6229,2025-08-27T15:48:36.277066,3955,inactive
CUST6299,John,Davis,user1745@example.com,+1-555-609-8826,2026-01-27T15:48:36.277069,6029,inactive
CUST2988,Emily,Miller,user9378@example.com,+1-555-262-6821,2024-02-26T15:48:36.277072,2632,inactive
CUST1820,David,Miller,user9021@example.com,+1-555-725-2497,2025-08-12T15:48:36.277075,2197,inactive
CUST6629,Robert,Davis,user5164@example.com,+1-555-227-1097,2025-09-13T15:48:36.277077,4041,inactive
CUST6334,Jane,Johnson,user1444@example.com,+1-555-915-5198,2025-12-07T15:48:36.277080,1212,active
CUST7214,Sarah,Garcia,user1717@example.com,+1-555-473-7456,2024-12-12T15:48:36.277083,4855,suspended
CUST1188,David,Jones,user1303@example.com,+1-555-603-1939,2025-09-05T15:48:36.277087,9467,suspended
CUST2089,Emily,Williams,user507@example.com,+1-555-116-3932,2025-05-19T15:48:36.277090,4232,suspended
CUST4483,Emily,Johnson,user707@example.com,+1-555-514-8080,2024-04-30T15:48:36.277093,8327,active
CUST6899,Sarah,Garcia,user8547@example.com,+1-555-351-5941,2024-03-12T15:48:36.277097,310,suspended
CUST2883,Jane,Davis,user1098@example.com,+1-555-113-2796,2025-01-22T15:48:36.277100,6017,inactive
CUST6086,John,Garcia,user37@example.com,+1-555-538-5162,2024-07-11T15:48:36.277103,202,suspended
CUST2575,Michael,Johnson,user8760@example.com,+1-555-954-7704,2025-12-26T15:48:36.277106,8753,inactive
CUST1729,David,Williams,user7780@example.com,+1-555-899-1808,2025-04-05T15:48:36.277110,9302,inactive
CUST9836,Robert,Smith,user8321@example.com,+1-555-987-6149,2025-12-24T15:48:36.277113,9739,inactive
CUST8999,Jane,Jones,user2817@example.com,+1-555-406-3222,2024-03-28T15:48:36.277116,6104,inactive
CUST7640,Lisa,Miller,user2733@example.com,+1-555-991-4229,2024-02-22T15:48:36.277119,2493,inactive
CUST7975,Sarah,Johnson,user6130@example.com,+1-555-482-4709,2024-03-06T15:48:36.277122,8928,inactive
CUST8975,David,Williams,user9313@example.com,+1-555-443-7313,2024-11-17T15:48:36.277126,8472,suspended
CUST2605,Lisa,Smith,user5023@example.com,+1-555-323-2043,2025-02-17T15:48:36.277129,2387,suspended
CUST1873,Emily,Williams,user7682@example.com,+1-555-983-5240,2025-06-21T15:48:36.277132,6230,suspended
CUST7349,Michael,Williams,user8358@example.com,+1-555-724-9556,2025-06-24T15:48:36.277135,2356,active
CUST5452,Jane,Garcia,user4657@example.com,+1-555-698-2756,2025-12-18T15:48:36.277138,4521,suspended
CUST8534,Jane,Smith,user9445@example.com,+1-555-340-6551,2026-01-05T15:48:36.277141,3744,suspended
CUST9659,Lisa,Miller,user8999@example.com,+1-555-119-6654,2025-09-08T15:48:36.277144,1835,inactive
CUST8374,David,Williams,user4644@example.com,+1-555-122-1411,2024-12-17T15:48:36.277147,6241,inactive
CUST6694,John,Jones,user8268@example.com,+1-555-776-8808,2024-06-07T15:48:36.277151,4824,suspended
CUST3269,Sarah,Williams,user6411@example.com,+1-555-345-2773,2025-02-21T15:48:36.277154,7441,active
CUST3496,David,Brown,user9755@example.com,+1-555-722-1024,2025-11-16T15:48:36.277157,4037,suspended
CUST2404,David,Davis,user4470@example.com,+1-555-476-9921,2024-03-27T15:48:36.277160,198,suspended
CUST7642,Lisa,Smith,user5959@example.com,+1-555-176-8677,2024-06-30T15:48:36.277163,649,suspended
CUST2916,Lisa,Johnson,user2158@example.com,+1-555-411-8786,2024-03-23T15:48:36.277166,8601,inactive
CUST1037,John,Williams,user210@example.com,+1-555-611-8328,2025-09-07T15:48:36.277169,2995,suspended
CUST5391,Lisa,Williams,user3610@example.com,+1-555-876-5819,2024-06-05T15:48:36.277173,227,suspended
CUST9486,Jane,Davis,user4680@example.com,+1-555-498-5612,2024-04-06T15:48:36.277176,585,active
CUST7922,John,Johnson,user2990@example.com,+1-555-519-3195,2025-09-18T15:48:36.277179,3176,active
CUST5261,Sarah,Jones,user8883@example.com,+1-555-260-9730,2025-04-22T15:48:36.277182,4694,suspended
CUST8150,Lisa,Smith,user7131@example.com,+1-555-214-3232,2025-12-19T15:48:36.277186,1275,inactive
CUST8997,Michael,Davis,user4234@example.com,+1-555-586-5063,2024-06-02T15:48:36.277189,5676,suspended
CUST7972,David,Miller,user643@example.com,+1-555-325-7247,2024-07-11T15:48:36.277192,4554,active
CUST7249,Lisa,Smith,user9948@example.com,+1-555-324-6412,2024-04-06T15:48:36.277195,8413,active
CUST3213,Emily,Williams,user6032@example.com,+1-555-207-8764,2025-07-02T15:48:36.277199,5644,suspended
CUST6652,John,Jones,user3010@example.com,+1-555-642-3707,2024-04-19T15:48:36.277202,1931,active
CUST4698,Sarah,Miller,user8493@example.com,+1-555-261-3847,2025-10-26T15:48:36.277205,3187,suspended
CUST4011,Emily,Johnson,user1308@example.com,+1-555-927-2860,2025-08-29T15:48:36.277208,8138,inactive
CUST3571,Robert,Jones,user3024@example.com,+1-555-976-6606,2025-06-14T15:48:36.277211,7941,suspended
CUST9588,Robert,Brown,user6580@example.com,+1-555-856-6135,2025-06-27T15:48:36.277214,745,active
CUST6178,David,Brown,user6650@example.com,+1-555-532-2405,2024-06-16T15:48:36.277217,7831,active
CUST2758,Michael,Jones,user4724@example.com,+1-555-454-1591,2025-11-06T15:48:36.277221,8099,suspended
CUST7256,Robert,Williams,user4763@example.com,+1-555-523-7433,2025-01-09T15:48:36.277224,1718,inactive
CUST3197,Robert,Brown,user6407@example.com,+1-555-136-9343,2025-07-07T15:48:36.277227,4815,inactive
CUST7002,David,Miller,user3988@example.com,+1-555-748-9812,2024-09-05T15:48:36.277230,8075,active
CUST2885,Sarah,Davis,user5269@example.com,+1-555-615-1073,2024-08-26T15:48:36.277233,8681,suspended
CUST2042,Michael,Davis,user5416@example.com,+1-555-116-2887,2025-07-22T15:48:36.277236,5243,active
CUST8608,Lisa,Smith,user3050@example.com,+1-555-847-3969,2025-05-02T15:48:36.277239,7507,suspended
CUST3359,David,Jones,user8828@example.com,+1-555-917-9626,2024-03-07T15:48:36.277242,7644,active
CUST6629,David,Smith,user4131@example.com,+1-555-458-8580,2024-11-11T15:48:36.277245,6956,inactive
CUST2596,Jane,Jones,user4033@example.com,+1-555-938-4338,2024-11-12T15:48:36.277248,8952,active
CUST9839,David,Johnson,user9788@example.com,+1-555-871-8145,2024-05-30T15:48:36.277252,4739,active
CUST7436,Sarah,Brown,user8414@example.com,+1-555-446-6339,2025-06-16T15:48:36.277255,1197,suspended
CUST3126,Michael,Williams,user260@example.com,+1-555-394-6725,2024-06-02T15:48:36.277258,6898,active
CUST7891,Sarah,Williams,user688@example.com,+1-555-948-6839,2025-08-19T15:48:36.277261,2520,active
CUST9826,Robert,Davis,user3345@example.com,+1-555-361-8673,2024-02-22T15:48:36.277264,2064,inactive
CUST3675,Emily,Miller,user7982@example.com,+1-555-365-9552,2025-07-23T15:48:36.277267,5798,suspended
CUST2872,Emily,Garcia,user7142@example.com,+1-555-912-8147,2025-02-14T15:48:36.277270,7015,suspended
CUST8541,Sarah,Jones,user2044@example.com,+1-555-777-2943,2024-05-21T15:48:36.277273,7821,active
CUST6637,Michael,Brown,user9325@example.com,+1-555-804-5488,2024-08-11T15:48:36.277276,8615,suspended
CUST4515,Sarah,Garcia,user1460@example.com,+1-555-272-3768,2025-01-01T15:48:36.277279,6654,suspended
CUST8098,John,Jones,user2783@example.com,+1-555-506-8793,2026-01-18T15:48:36.277282,1019,suspended
CUST6080,Michael,Smith,user2381@example.com,+1-555-765-9055,2025-09-08T15:48:36.277285,737,active
CUST7262,Lisa,Smith,user9565@example.com,+1-555-568-5259,2024-08-09T15:48:36.277288,1060,active
CUST1197,Robert,Jones,user8525@example.com,+1-555-228-8331,2025-06-22T15:48:36.277291,1839,active
CUST6583,Lisa,Davis,user410@example.com,+1-555-649-1040,2024-09-12T15:48:36.277294,8863,suspended
CUST6396,Lisa,Johnson,user278@example.com,+1-555-205-2765,2024-09-03T15:48:36.277297,2171,active
CUST4360,David,Smith,user7745@example.com,+1-555-311-5691,2024-07-18T15:48:36.277300,6044,inactive
CUST5783,John,Johnson,user1981@example.com,+1-555-118-6830,2025-11-02T15:48:36.277303,6208,inactive
CUST2453,Emily,Smith,user4263@example.com,+1-555-922-1773,2024-09-23T15:48:36.277306,606,active
CUST1136,Jane,Davis,user2115@example.com,+1-555-709-7721,2026-01-12T15:48:36.277309,4376,inactive
CUST1497,Michael,Davis,user4911@example.com,+1-555-419-6698,2024-05-12T15:48:36.277312,4311,active
CUST4972,Lisa,Garcia,user1900@example.com,+1-555-997-4608,2026-01-09T15:48:36.277315,3671,inactive
CUST2440,Lisa,Davis,user892@example.com,+1-555-558-9331,2025-01-31T15:48:36.277318,5074,suspended
CUST4838,Emily,Brown,user5447@example.com,+1-555-497-8415,2025-03-17T15:48:36.277321,306,active
CUST8724,Robert,Garcia,user2936@example.com,+1-555-191-2106,2024-02-25T15:48:36.277324,9027,suspended
CUST4290,Michael,Miller,user5450@example.com,+1-555-494-8397,2024-03-15T15:48:36.277328,2648,inactive
CUST3715,David,Brown,user9296@example.com,+1-555-520-9392,2025-11-06T15:48:36.277331,123,suspended
CUST2943,Robert,Brown,user3704@example.com,+1-555-729-6278,2024-05-07T15:48:36.277334,3071,inactive
CUST1947,David,Smith,user2689@example.com,+1-555-790-9711,2025-04-11T15:48:36.277337,1988,inactive
CUST4201,Robert,Johnson,user4026@example.com,+1-555-506-1130,2025-10-25T15:48:36.277339,5105,suspended
CUST6580,Sarah,Jones,user7752@example.com,+1-555-578-2154,2025-07-03T15:48:36.277343,2269,suspended
CUST9045,Sarah,Jones,user9173@example.com,+1-555-541-3521,2025-11-10T15:48:36.277346,4318,active
CUST5839,Jane,Brown,user7623@example.com,+1-555-524-7820,2024-07-15T15:48:36.277349,4364,inactive
CUST2113,John,Brown,user2495@example.com,+1-555-848-4253,2024-03-16T15:48:36.277352,4879,suspended
CUST9956,John,Jones,user9138@example.com,+1-555-456-5022,2024-10-28T15:48:36.277355,6813,active
CUST9231,David,Davis,user9621@example.com,+1-555-926-1502,2025-04-14T15:48:36.277358,7163,active
CUST4404,John,Johnson,user6248@example.com,+1-555-582-4643,2024-02-07T15:48:36.277361,9988,suspended
CUST3678,Michael,Johnson,user2005@example.com,+1-555-441-2998,2024-06-19T15:48:36.277364,9449,suspended
CUST8969,Sarah,Jones,user2259@example.com,+1-555-330-4363,2024-06-05T15:48:36.277367,1372,active
