transaction_id,customer_id,product_id,amount,quantity,timestamp,status,payment_method,region
TXN760638,CUST5201,PROD456,296.9,9,2025-09-28T15:48:34.070304,cancelled,paypal,East
TXN312111,CUST3737,PROD296,592.34,2,2025-08-12T15:48:34.070313,cancelled,bank_transfer,South
TXN556440,CUST4289,PROD688,13.68,2,2025-02-19T15:48:34.070316,cancelled,debit_card,North
TXN702437,CUST7393,PROD402,362.72,4,2025-11-29T15:48:34.070320,completed,bank_transfer,North
TXN609035,CUST6639,PROD337,330.3,6,2025-03-24T15:48:34.070323,cancelled,paypal,East
TXN949342,CUST2310,PROD610,736.22,10,2025-10-30T15:48:34.070327,pending,paypal,North
TXN219780,CUST2101,PROD326,839.2,8,2025-03-05T15:48:34.070330,completed,debit_card,South
TXN829215,CUST4611,PROD794,184.52,10,2025-04-08T15:48:34.070333,cancelled,bank_transfer,East
TXN194363,CUST2880,PROD721,570.65,5,2025-05-05T15:48:34.070336,pending,credit_card,North
TXN145317,CUST8925,PROD598,37.18,8,2025-11-27T15:48:34.070340,pending,paypal,North
TXN966260,CUST5110,PROD365,272.02,10,2025-05-13T15:48:34.070343,pending,paypal,North
TXN564381,CUST4415,PROD857,121.53,9,2025-07-13T15:48:34.070346,cancelled,debit_card,North
TXN900381,CUST9189,PROD333,698.98,4,2025-11-10T15:48:34.070350,pending,paypal,North
TXN861388,CUST7832,PROD893,208.58,8,2025-09-04T15:48:34.070353,pending,bank_transfer,East
TXN715867,CUST9914,PROD357,260.48,10,2025-12-18T15:48:34.070356,pending,debit_card,South
TXN628670,CUST3187,PROD750,960.3,10,2025-03-12T15:48:34.070359,cancelled,bank_transfer,West
TXN997482,CUST4903,PROD157,918.83,5,2025-12-03T15:48:34.070363,cancelled,bank_transfer,East
TXN591445,CUST8390,PROD971,382.03,1,2025-04-20T15:48:34.070365,cancelled,debit_card,South
TXN118378,CUST1334,PROD628,341.49,2,2025-03-29T15:48:34.070368,pending,paypal,South
TXN933019,CUST8767,PROD918,762.71,5,2025-09-15T15:48:34.070371,completed,paypal,West
TXN949904,CUST9403,PROD171,468.96,5,2025-11-10T15:48:34.070374,pending,bank_transfer,East
TXN527227,CUST9623,PROD250,979.39,8,2025-06-21T15:48:34.070377,cancelled,credit_card,West
TXN520024,CUST3049,PROD343,183.98,1,2025-12-06T15:48:34.070380,completed,paypal,South
TXN339146,CUST3579,PROD798,625.98,5,2025-03-28T15:48:34.070384,cancelled,bank_transfer,East
TXN413462,CUST7715,PROD993,25.97,1,2025-05-22T15:48:34.070387,cancelled,credit_card,South
TXN487949,CUST7576,PROD700,679.68,7,2025-04-25T15:48:34.070390,pending,debit_card,East
TXN951512,CUST3542,PROD650,127.89,1,2026-01-08T15:48:34.070393,pending,bank_transfer,North
TXN249668,CUST8963,PROD427,403.27,9,2025-11-04T15:48:34.070396,completed,credit_card,East
TXN375961,CUST4976,PROD179,874.4,5,2025-08-18T15:48:34.070399,cancelled,bank_transfer,South
TXN588922,CUST4358,PROD697,678.56,6,2026-01-19T15:48:34.070403,cancelled,bank_transfer,South
TXN310362,CUST7809,PROD621,177.89,7,2025-09-08T15:48:34.070406,cancelled,debit_card,South
TXN379092,CUST1336,PROD576,751.67,7,2025-06-26T15:48:34.070409,pending,credit_card,South
TXN100881,CUST6932,PROD910,244.85,2,2025-10-06T15:48:34.070412,pending,debit_card,South
TXN491660,CUST4168,PROD406,99.49,1,2025-11-10T15:48:34.070415,completed,paypal,South
TXN519468,CUST7136,PROD994,54.23,6,2025-10-24T15:48:34.070418,completed,credit_card,East
TXN812120,CUST1682,PROD752,992.15,9,2025-05-05T15:48:34.070421,pending,debit_card,North
TXN487066,CUST3765,PROD235,806.33,1,2025-10-26T15:48:34.070424,cancelled,debit_card,North
TXN457472,CUST3228,PROD711,770.92,6,2025-05-23T15:48:34.070427,pending,bank_transfer,North
TXN919851,CUST7167,PROD700,677.69,10,2025-10-12T15:48:34.070430,cancelled,paypal,South
TXN621638,CUST3890,PROD580,687.06,3,2025-08-17T15:48:34.070433,pending,debit_card,West
TXN572086,CUST7442,PROD609,785.42,10,2025-09-29T15:48:34.070436,cancelled,paypal,East
TXN564311,CUST6870,PROD228,94.19,3,2026-01-05T15:48:34.070439,pending,paypal,North
TXN496661,CUST9698,PROD769,636.59,3,2025-11-02T15:48:34.070442,cancelled,credit_card,East
TXN836349,CUST2145,PROD135,188.66,2,2025-07-20T15:48:34.070445,cancelled,debit_card,West
TXN522513,CUST8478,PROD855,762.08,7,2025-05-20T15:48:34.070448,pending,debit_card,West
TXN799484,CUST6422,PROD236,709.1,4,2025-07-31T15:48:34.070452,pending,paypal,East
TXN712466,CUST4271,PROD705,800.67,6,2026-01-30T15:48:34.070455,pending,paypal,South
TXN202049,CUST6044,PROD915,700.92,8,2025-05-30T15:48:34.070458,pending,paypal,North
TXN536950,CUST3910,PROD643,456.78,4,2025-12-01T15:48:34.070461,completed,debit_card,North
TXN355815,CUST4309,PROD303,323.65,9,2025-03-01T15:48:34.070464,pending,debit_card,South
TXN316959,CUST2994,PROD425,408.21,6,2025-06-17T15:48:34.070467,completed,paypal,North
TXN445889,CUST3149,PROD298,939.55,2,2025-04-14T15:48:34.070470,cancelled,debit_card,South
TXN501146,CUST7278,PROD732,819.54,5,2025-02-17T15:48:34.070473,pending,bank_transfer,South
TXN200953,CUST2869,PROD892,290.88,1,2025-04-27T15:48:34.070476,completed,debit_card,East
TXN752136,CUST7764,PROD296,621.44,10,2025-11-28T15:48:34.070479,pending,debit_card,East
TXN757192,CUST3911,PROD342,382.75,8,2025-05-28T15:48:34.070482,cancelled,credit_card,West
TXN357820,CUST1890,PROD189,900.63,7,2025-10-12T15:48:34.070485,cancelled,bank_transfer,North
TXN519137,CUST6592,PROD944,531.83,4,2026-01-15T15:48:34.070488,completed,debit_card,East
TXN549013,CUST6094,PROD406,257.22,8,2025-10-13T15:48:34.070491,cancelled,bank_transfer,North
TXN794818,CUST3600,PROD774,71.54,1,2025-12-15T15:48:34.070494,completed,debit_card,West
TXN349868,CUST4787,PROD746,136.67,3,2025-07-17T15:48:34.070497,pending,debit_card,South
TXN764432,CUST9758,PROD639,506.82,6,2025-04-20T15:48:34.070500,completed,credit_card,East
TXN181117,CUST3667,PROD442,462.72,5,2025-11-30T15:48:34.070503,pending,bank_transfer,South
TXN829885,CUST5171,PROD532,82.43,9,2025-04-22T15:48:34.070506,pending,debit_card,West
TXN625167,CUST8534,PROD326,619.24,7,2025-08-06T15:48:34.070509,completed,bank_transfer,South
TXN601660,CUST6057,PROD185,592.0,2,2025-03-17T15:48:34.070512,completed,credit_card,South
TXN843998,CUST5231,PROD437,857.59,7,2025-04-25T15:48:34.070516,pending,debit_card,South
TXN901529,CUST6911,PROD722,229.81,2,2025-06-28T15:48:34.070519,cancelled,credit_card,South
TXN221201,CUST8446,PROD534,264.14,1,2025-05-17T15:48:34.070522,pending,paypal,West
TXN156093,CUST9583,PROD447,361.89,8,2025-11-17T15:48:34.070524,pending,bank_transfer,North
TXN979854,CUST6676,PROD791,24.94,8,2025-07-03T15:48:34.070527,pending,bank_transfer,South
TXN905743,CUST6792,PROD517,46.53,3,2025-05-07T15:48:34.070530,cancelled,credit_card,West
TXN424653,CUST3818,PROD392,840.76,9,2025-06-17T15:48:34.070533,cancelled,credit_card,South
TXN952088,CUST2704,PROD342,974.69,2,2025-04-29T15:48:34.070536,pending,credit_card,East
TXN911111,CUST7035,PROD583,968.79,5,2025-04-03T15:48:34.070539,pending,paypal,South
TXN847142,CUST2643,PROD996,886.31,9,2025-07-31T15:48:34.070542,pending,bank_transfer,North
TXN326405,CUST4947,PROD542,112.6,2,2025-11-15T15:48:34.070545,completed,paypal,South
TXN248602,CUST5861,PROD610,637.88,7,2026-01-20T15:48:34.070548,completed,bank_transfer,South
TXN920976,CUST9921,PROD712,353.58,6,2025-07-16T15:48:34.070551,completed,debit_card,East
TXN556868,CUST2181,PROD737,700.18,5,2025-04-18T15:48:34.070554,completed,paypal,North
TXN680884,CUST5810,PROD994,703.85,10,2025-03-20T15:48:34.070557,pending,paypal,South
TXN342767,CUST8693,PROD672,39.51,1,2026-01-10T15:48:34.070561,completed,bank_transfer,East
TXN997952,CUST2028,PROD752,150.09,2,2025-09-07T15:48:34.070564,completed,bank_transfer,North
TXN451880,CUST2330,PROD304,917.05,2,2025-08-01T15:48:34.070567,pending,debit_card,West
TXN462295,CUST6836,PROD181,817.18,5,2026-01-07T15:48:34.070570,completed,bank_transfer,East
TXN521677,CUST9994,PROD417,782.79,4,2026-01-28T15:48:34.070573,pending,bank_transfer,West
TXN639288,CUST3343,PROD702,638.34,6,2025-11-08T15:48:34.070576,completed,bank_transfer,West
TXN377799,CUST4775,PROD923,577.43,4,2025-06-15T15:48:34.070579,completed,bank_transfer,South
TXN670878,CUST5472,PROD972,360.46,7,2025-07-22T15:48:34.070582,pending,bank_transfer,West
TXN588058,CUST2452,PROD799,953.15,5,2025-06-09T15:48:34.070585,completed,credit_card,North
TXN579082,CUST6078,PROD993,387.65,4,2025-10-14T15:48:34.070588,cancelled,bank_transfer,South
TXN181050,CUST3742,PROD608,790.02,4,2025-09-20T15:48:34.070591,completed,bank_transfer,East
TXN285838,CUST6936,PROD978,991.59,1,2025-03-02T15:48:34.070594,cancelled,debit_card,West
TXN591870,CUST6822,PROD543,618.22,4,2025-04-19T15:48:34.070597,pending,debit_card,South
TXN722626,CUST4978,PROD590,884.88,8,2025-11-28T15:48:34.070601,cancelled,debit_card,East
TXN193503,CUST5545,PROD239,529.86,10,2025-04-29T15:48:34.070604,completed,paypal,East
TXN533255,CUST5195,PROD694,385.01,7,2025-11-15T15:48:34.070607,completed,paypal,West
TXN420875,CUST4733,PROD382,328.62,10,2025-10-17T15:48:34.070609,completed,credit_card,South
TXN278424,CUST7062,PROD873,805.11,6,2025-07-28T15:48:34.070612,cancelled,debit_card,North
TXN404006,CUST3838,PROD954,307.11,3,2025-12-05T15:48:34.070616,pending,bank_transfer,East
TXN715647,CUST8462,PROD817,232.44,7,2026-01-02T15:48:34.070619,completed,bank_transfer,West
TXN803480,CUST5005,PROD248,316.07,2,2025-04-11T15:48:34.070622,pending,credit_card,West
TXN873582,CUST7479,PROD293,237.16,4,2025-11-02T15:48:34.070625,cancelled,credit_card,South
TXN759712,CUST2965,PROD923,868.66,10,2025-08-01T15:48:34.070628,completed,debit_card,West
TXN647099,CUST9186,PROD200,576.59,6,2025-08-25T15:48:34.070631,pending,bank_transfer,North
TXN764909,CUST3159,PROD852,724.59,6,2025-11-01T15:48:34.070634,completed,debit_card,South
TXN447897,CUST4420,PROD643,587.45,7,2025-04-17T15:48:34.070637,cancelled,bank_transfer,North
TXN915553,CUST5056,PROD519,827.09,6,2025-03-04T15:48:34.070640,completed,paypal,East
TXN544748,CUST9426,PROD406,855.1,1,2025-10-06T15:48:34.070643,cancelled,debit_card,East
TXN456607,CUST4955,PROD848,77.42,9,2025-07-23T15:48:34.070647,pending,debit_card,West
TXN751098,CUST7395,PROD767,282.49,1,2025-08-14T15:48:34.070650,cancelled,credit_card,North
TXN664379,CUST2488,PROD910,944.53,7,2025-09-14T15:48:34.070653,pending,paypal,West
TXN283475,CUST7162,PROD265,584.21,9,2025-10-24T15:48:34.070656,completed,debit_card,South
TXN401831,CUST4066,PROD767,959.47,2,2025-08-29T15:48:34.070659,cancelled,credit_card,South
TXN452937,CUST1720,PROD220,677.49,1,2025-04-28T15:48:34.070662,cancelled,bank_transfer,East
TXN980826,CUST3650,PROD471,545.98,2,2025-10-13T15:48:34.070665,cancelled,debit_card,South
TXN377056,CUST9424,PROD414,530.82,9,2025-08-25T15:48:34.070668,cancelled,bank_transfer,South
TXN492448,CUST3370,PROD287,709.61,9,2025-06-26T15:48:34.070671,pending,bank_transfer,West
TXN328435,CUST6673,PROD169,719.08,8,2025-11-24T15:48:34.070674,cancelled,credit_card,East
TXN232334,CUST5761,PROD619,116.89,8,2025-09-11T15:48:34.070677,pending,paypal,North
TXN146967,CUST2677,PROD926,471.26,4,2025-02-08T15:48:34.070680,completed,credit_card,North
TXN384236,CUST2615,PROD829,515.26,4,2025-12-08T15:48:34.070683,cancelled,paypal,South
TXN537555,CUST8151,PROD345,213.24,10,2025-05-23T15:48:34.070686,cancelled,bank_transfer,North
TXN828303,CUST5063,PROD333,391.59,5,2025-09-29T15:48:34.070689,cancelled,bank_transfer,West
TXN621581,CUST7039,PROD229,536.72,3,2025-07-08T15:48:34.070692,cancelled,credit_card,West
TXN797627,CUST1148,PROD541,836.3,10,2026-01-24T15:48:34.070696,cancelled,credit_card,South
TXN285792,CUST6786,PROD877,942.83,1,2026-01-14T15:48:34.070699,pending,credit_card,South
TXN278348,CUST9551,PROD123,760.2,9,2025-07-04T15:48:34.070702,completed,debit_card,East
TXN904082,CUST8580,PROD863,701.13,1,2025-05-04T15:48:34.070705,completed,credit_card,North
TXN537101,CUST3509,PROD301,217.55,6,2025-10-12T15:48:34.070709,completed,bank_transfer,East
TXN922839,CUST8145,PROD723,875.78,4,2025-03-09T15:48:34.070712,cancelled,bank_transfer,West
TXN397249,CUST2989,PROD169,276.91,7,2026-01-24T15:48:34.070715,cancelled,debit_card,East
TXN622011,CUST4739,PROD712,329.24,7,2025-05-08T15:48:34.070718,cancelled,bank_transfer,South
TXN804655,CUST8231,PROD885,150.86,3,2026-01-28T15:48:34.070721,completed,paypal,South
TXN186822,CUST3497,PROD503,709.03,8,2025-11-04T15:48:34.070725,completed,bank_transfer,North
TXN672465,CUST3108,PROD221,418.62,9,2025-05-12T15:48:34.070728,completed,bank_transfer,West
TXN516941,CUST6564,PROD815,395.55,5,2025-07-27T15:48:34.070731,completed,paypal,West
TXN950963,CUST1614,PROD361,450.38,4,2025-03-03T15:48:34.070734,pending,credit_card,East
TXN241868,CUST2414,PROD808,314.7,7,2025-10-13T15:48:34.070737,cancelled,debit_card,West
TXN496584,CUST7505,PROD684,837.88,10,2025-08-20T15:48:34.070740,cancelled,paypal,West
TXN304340,CUST7662,PROD304,837.61,9,2025-01-31T15:48:34.070743,pending,debit_card,South
TXN704730,CUST8927,PROD966,131.34,3,2025-06-20T15:48:34.070745,completed,paypal,East
TXN419540,CUST8315,PROD445,726.32,7,2026-01-19T15:48:34.070748,completed,paypal,South
TXN509439,CUST3111,PROD853,853.53,9,2025-12-13T15:48:34.070751,cancelled,bank_transfer,West
TXN879900,CUST7139,PROD177,473.18,3,2025-07-27T15:48:34.070755,completed,paypal,East
TXN960216,CUST4901,PROD943,689.28,1,2025-05-31T15:48:34.070758,completed,debit_card,South
TXN592780,CUST4762,PROD345,845.73,7,2026-01-29T15:48:34.070761,completed,paypal,West
TXN428390,CUST2198,PROD965,426.53,7,2025-11-15T15:48:34.070764,cancelled,credit_card,East
TXN494847,CUST2297,PROD850,982.64,5,2025-08-25T15:48:34.070767,pending,debit_card,North
TXN737061,CUST7689,PROD876,711.41,8,2026-01-08T15:48:34.070770,completed,credit_card,West
TXN629876,CUST2032,PROD725,39.57,9,2025-10-07T15:48:34.070773,cancelled,paypal,North
TXN907130,CUST8660,PROD958,371.63,7,2025-11-25T15:48:34.070776,completed,credit_card,East
TXN729931,CUST9728,PROD676,709.51,10,2025-05-24T15:48:34.070780,pending,bank_transfer,North
TXN564721,CUST3587,PROD383,959.42,2,2025-02-07T15:48:34.070782,completed,debit_card,North
TXN898339,CUST6673,PROD576,388.48,5,2025-07-10T15:48:34.070785,completed,credit_card,East
TXN512563,CUST4294,PROD546,593.49,7,2025-02-04T15:48:34.070788,pending,credit_card,East
TXN909579,CUST4249,PROD784,302.35,2,2025-03-29T15:48:34.070791,cancelled,bank_transfer,West
TXN743289,CUST3246,PROD564,522.42,8,2026-01-09T15:48:34.070794,completed,debit_card,East
TXN496059,CUST2924,PROD978,772.94,3,2025-10-23T15:48:34.070797,completed,bank_transfer,South
TXN568338,CUST9215,PROD283,455.65,9,2025-11-22T15:48:34.070800,pending,debit_card,South
TXN847644,CUST2027,PROD136,257.73,3,2025-06-17T15:48:34.070804,cancelled,bank_transfer,South
TXN402986,CUST6338,PROD381,738.81,4,2025-11-23T15:48:34.070806,completed,paypal,North
TXN814051,CUST8345,PROD830,581.44,1,2025-05-19T15:48:34.070809,cancelled,credit_card,East
TXN895899,CUST2033,PROD768,872.58,9,2025-09-29T15:48:34.070812,pending,debit_card,West
TXN850700,CUST4491,PROD682,457.48,1,2025-09-27T15:48:34.070815,pending,debit_card,South
TXN498333,CUST5124,PROD284,310.96,9,2025-04-21T15:48:34.070818,pending,paypal,West
TXN645694,CUST6901,PROD131,19.81,3,2025-10-17T15:48:34.070821,completed,paypal,South
TXN103466,CUST7707,PROD164,189.15,6,2025-04-13T15:48:34.070824,completed,paypal,South
TXN697447,CUST3101,PROD730,671.0,10,2025-06-21T15:48:34.070827,completed,paypal,North
TXN364264,CUST9505,PROD242,650.85,6,2025-06-09T15:48:34.070830,pending,debit_card,East
TXN569578,CUST2027,PROD540,29.92,4,2025-11-03T15:48:34.070833,completed,paypal,South
TXN619412,CUST2539,PROD947,352.69,7,2025-04-24T15:48:34.070836,cancelled,debit_card,North
TXN590023,CUST7695,PROD770,310.66,10,2025-09-16T15:48:34.070839,pending,paypal,East
TXN157661,CUST4337,PROD123,188.17,1,2025-12-26T15:48:34.070843,cancelled,paypal,South
TXN888612,CUST5991,PROD575,569.67,7,2025-02-19T15:48:34.070846,pending,credit_card,South
TXN233356,CUST4504,PROD320,228.61,2,2025-12-06T15:48:34.070849,pending,bank_transfer,South
TXN557690,CUST7253,PROD145,880.75,10,2025-07-23T15:48:34.070852,completed,credit_card,South
TXN742681,CUST4475,PROD778,318.08,7,2025-05-27T15:48:34.070855,pending,credit_card,North
TXN939354,CUST8971,PROD156,648.52,7,2025-08-29T15:48:34.070858,completed,bank_transfer,East
TXN557077,CUST4844,PROD168,509.41,6,2025-03-11T15:48:34.070861,pending,paypal,West
TXN846433,CUST9703,PROD716,863.47,5,2025-03-05T15:48:34.070864,pending,credit_card,North
TXN181537,CUST3764,PROD860,221.84,7,2025-04-23T15:48:34.070867,pending,credit_card,West
TXN251709,CUST3564,PROD472,806.38,7,2026-01-04T15:48:34.070870,completed,bank_transfer,South
TXN680788,CUST3184,PROD261,822.3,10,2025-08-26T15:48:34.070873,completed,credit_card,South
TXN118233,CUST9726,PROD935,255.16,6,2025-09-29T15:48:34.070876,cancelled,credit_card,South
TXN975935,CUST7319,PROD387,339.76,2,2026-01-08T15:48:34.070879,pending,paypal,West
TXN185222,CUST7137,PROD167,369.93,10,2025-10-12T15:48:34.070882,cancelled,credit_card,East
TXN346206,CUST4950,PROD352,438.01,8,2026-01-09T15:48:34.070885,pending,bank_transfer,West
TXN608866,CUST8137,PROD616,76.34,4,2025-08-18T15:48:34.070888,cancelled,bank_transfer,East
TXN687329,CUST1784,PROD918,695.47,10,2025-06-21T15:48:34.070891,cancelled,paypal,North
TXN160935,CUST8255,PROD936,636.83,9,2025-03-12T15:48:34.070895,cancelled,paypal,West
TXN419751,CUST9573,PROD605,24.86,5,2025-04-27T15:48:34.070898,cancelled,debit_card,North
TXN737378,CUST9956,PROD944,716.79,10,2025-03-25T15:48:34.070901,pending,credit_card,South
TXN464786,CUST8908,PROD301,43.67,1,2025-08-26T15:48:34.070904,completed,bank_transfer,North
TXN528716,CUST9453,PROD627,641.22,9,2025-11-07T15:48:34.070907,pending,credit_card,South
TXN173806,CUST9352,PROD986,532.63,6,2025-08-18T15:48:34.070910,cancelled,paypal,South
TXN527688,CUST3870,PROD362,177.69,7,2026-01-22T15:48:34.070913,pending,bank_transfer,South
TXN987451,CUST7150,PROD417,330.15,10,2025-11-12T15:48:34.070916,pending,debit_card,East
TXN734953,CUST7191,PROD236,441.89,5,2026-01-18T15:48:34.070919,cancelled,paypal,South
TXN901630,CUST4064,PROD558,554.16,3,2025-11-19T15:48:34.070922,pending,credit_card,North
TXN340280,CUST9453,PROD691,48.51,1,2025-04-17T15:48:34.070925,cancelled,bank_transfer,East
TXN446723,CUST1068,PROD894,387.05,9,2025-11-23T15:48:34.070928,pending,paypal,South
TXN773916,CUST6468,PROD221,852.78,10,2025-04-23T15:48:34.070932,completed,debit_card,South
TXN307995,CUST5814,PROD377,87.48,6,2025-06-11T15:48:34.070935,cancelled,credit_card,North
TXN215482,CUST9316,PROD217,675.84,9,2026-01-26T15:48:34.070937,completed,debit_card,West
TXN660667,CUST4243,PROD735,971.29,5,2025-04-27T15:48:34.070940,completed,credit_card,East
TXN242364,CUST9555,PROD438,66.61,4,2026-01-16T15:48:34.070943,cancelled,credit_card,West
TXN936434,CUST2117,PROD569,125.4,5,2025-09-20T15:48:34.070947,cancelled,bank_transfer,South
TXN130651,CUST4245,PROD515,477.15,8,2026-01-22T15:48:34.070950,pending,credit_card,West
TXN715334,CUST3855,PROD212,657.15,1,2025-07-19T15:48:34.070953,pending,bank_transfer,West
TXN660887,CUST9350,PROD290,607.22,8,2025-04-30T15:48:34.070955,completed,paypal,West
TXN920663,CUST3675,PROD388,448.45,7,2025-03-15T15:48:34.070958,cancelled,bank_transfer,South
TXN418908,CUST5726,PROD632,874.79,4,2025-05-18T15:48:34.070961,pending,bank_transfer,West
TXN571563,CUST1561,PROD683,966.07,8,2025-05-02T15:48:34.070964,completed,paypal,East
TXN938889,CUST8754,PROD394,380.78,6,2026-01-24T15:48:34.070967,pending,paypal,South
TXN761065,CUST5367,PROD342,792.18,1,2025-03-20T15:48:34.070970,cancelled,debit_card,North
TXN438179,CUST2649,PROD576,107.21,8,2025-11-19T15:48:34.070973,completed,credit_card,South
TXN131846,CUST4333,PROD709,283.26,1,2025-08-06T15:48:34.070976,pending,paypal,West
TXN337736,CUST7161,PROD264,919.05,10,2025-07-25T15:48:34.070979,completed,debit_card,South
TXN437554,CUST6468,PROD784,82.28,10,2025-02-20T15:48:34.070982,completed,paypal,South
TXN291122,CUST9787,PROD792,377.12,9,2025-05-11T15:48:34.070985,cancelled,credit_card,North
TXN273565,CUST6580,PROD141,263.21,10,2025-08-17T15:48:34.070988,cancelled,credit_card,North
TXN346190,CUST5632,PROD149,426.81,1,2025-06-24T15:48:34.070991,pending,debit_card,North
TXN436380,CUST3328,PROD450,646.74,8,2026-01-02T15:48:34.070994,completed,credit_card,West
TXN641810,CUST2564,PROD267,379.17,3,2025-12-18T15:48:34.070997,completed,credit_card,East
TXN244916,CUST4816,PROD712,86.83,7,2025-07-25T15:48:34.071000,completed,debit_card,North
TXN818980,CUST6404,PROD721,15.52,6,2025-08-15T15:48:34.071003,cancelled,paypal,East
TXN371251,CUST2108,PROD154,190.79,4,2025-10-12T15:48:34.071006,cancelled,paypal,East
TXN293606,CUST6228,PROD893,34.8,8,2025-09-22T15:48:34.071009,pending,paypal,West
TXN942283,CUST1199,PROD291,375.67,3,2026-01-17T15:48:34.071012,completed,credit_card,South
TXN375923,CUST3141,PROD906,517.55,3,2025-03-12T15:48:34.071015,completed,bank_transfer,South
TXN472977,CUST1764,PROD139,294.47,5,2025-05-07T15:48:34.071018,pending,paypal,North
TXN353510,CUST2851,PROD866,660.92,5,2025-12-02T15:48:34.071021,completed,debit_card,North
TXN150915,CUST1012,PROD377,869.61,6,2025-12-08T15:48:34.071024,completed,debit_card,South
TXN195967,CUST3408,PROD623,663.13,2,2025-12-03T15:48:34.071027,pending,debit_card,South
TXN602481,CUST5660,PROD789,982.42,9,2026-01-21T15:48:34.071030,pending,bank_transfer,South
TXN948998,CUST6982,PROD736,913.81,5,2025-10-13T15:48:34.071034,pending,bank_transfer,West
TXN921019,CUST5701,PROD944,436.68,7,2025-06-12T15:48:34.071037,completed,bank_transfer,East
TXN931531,CUST9031,PROD526,297.5,6,2025-02-25T15:48:34.071040,pending,debit_card,South
TXN286729,CUST9284,PROD675,431.05,4,2025-09-09T15:48:34.071043,cancelled,paypal,West
TXN368468,CUST5730,PROD246,952.78,9,2025-08-18T15:48:34.071046,pending,paypal,South
TXN932478,CUST3251,PROD805,798.09,1,2025-07-22T15:48:34.071048,pending,credit_card,West
TXN967070,CUST8469,PROD636,564.72,6,2025-05-12T15:48:34.071051,pending,debit_card,West
TXN906318,CUST8559,PROD657,285.39,5,2025-12-10T15:48:34.071054,cancelled,debit_card,West
TXN183955,CUST8725,PROD773,298.99,2,2025-07-08T15:48:34.071057,completed,debit_card,West
TXN387048,CUST4567,PROD190,182.36,5,2025-06-21T15:48:34.071060,cancelled,credit_card,North
TXN543992,CUST5556,PROD732,156.38,1,2025-11-12T15:48:34.071063,pending,bank_transfer,South
TXN902811,CUST6004,PROD433,892.58,6,2025-12-22T15:48:34.071066,completed,paypal,South
TXN966358,CUST8272,PROD387,114.66,4,2025-08-26T15:48:34.071069,completed,credit_card,South
TXN847630,CUST6440,PROD906,600.09,2,2025-04-16T15:48:34.071072,completed,credit_card,West
TXN840862,CUST9407,PROD435,220.79,2,2025-07-19T15:48:34.071075,completed,bank_transfer,North
TXN659277,CUST9573,PROD450,271.59,5,2025-07-09T15:48:34.071078,pending,bank_transfer,East
TXN379405,CUST5425,PROD197,323.84,8,2025-09-18T15:48:34.071081,pending,paypal,North
TXN291529,CUST8213,PROD297,828.49,5,2025-12-30T15:48:34.071083,pending,paypal,North
TXN553952,CUST4102,PROD948,910.77,10,2025-10-18T15:48:34.071086,cancelled,credit_card,North
TXN973168,CUST6665,PROD642,699.83,3,2026-01-15T15:48:34.071089,completed,debit_card,West
TXN498527,CUST9839,PROD217,292.89,8,2025-05-29T15:48:34.071092,pending,debit_card,North
TXN948820,CUST6665,PROD432,951.33,5,2025-05-04T15:48:34.071095,cancelled,bank_transfer,South
TXN366387,CUST6154,PROD704,280.31,3,2025-06-25T15:48:34.071098,cancelled,bank_transfer,South
TXN800230,CUST1409,PROD292,830.52,1,2026-01-14T15:48:34.071101,pending,bank_transfer,South
TXN247975,CUST6634,PROD462,66.02,6,2025-09-04T15:48:34.071104,pending,bank_transfer,South
TXN161988,CUST2105,PROD135,928.33,5,2025-04-16T15:48:34.071107,pending,bank_transfer,South
TXN794252,CUST8360,PROD109,674.97,1,2025-06-30T15:48:34.071110,pending,bank_transfer,East
TXN599426,CUST9176,PROD456,17.47,1,2025-08-30T15:48:34.071113,cancelled,debit_card,East
TXN485526,CUST5117,PROD317,122.02,2,2026-01-05T15:48:34.071116,completed,bank_transfer,North
TXN176224,CUST7944,PROD693,720.85,2,2025-06-02T15:48:34.071119,cancelled,debit_card,East
TXN136315,CUST1409,PROD986,52.58,6,2025-11-13T15:48:34.071122,cancelled,debit_card,South
TXN607918,CUST3668,PROD729,35.27,8,2025-07-14T15:48:34.071125,pending,debit_card,South
TXN747172,CUST6733,PROD591,456.89,9,2025-07-19T15:48:34.071128,completed,debit_card,South
TXN591923,CUST6290,PROD271,66.0,6,2025-01-31T15:48:34.071131,cancelled,debit_card,West
TXN347442,CUST8191,PROD978,628.72,3,2025-04-14T15:48:34.071134,completed,debit_card,North
TXN374353,CUST7787,PROD457,250.09,4,2025-06-06T15:48:34.071137,completed,credit_card,East
TXN922178,CUST7898,PROD113,869.36,1,2025-07-18T15:48:34.071140,pending,paypal,East
TXN280928,CUST9137,PROD571,649.5,5,2025-09-06T15:48:34.071143,pending,paypal,East
TXN960168,CUST5770,PROD183,176.38,3,2025-11-26T15:48:34.071146,pending,bank_transfer,East
TXN297643,CUST1240,PROD378,681.05,9,2025-12-20T15:48:34.071149,pending,credit_card,South
TXN929333,CUST1381,PROD618,394.73,4,2025-12-16T15:48:34.071152,completed,paypal,East
TXN160166,CUST1091,PROD985,862.11,10,2025-09-20T15:48:34.071155,pending,debit_card,West
TXN509487,CUST2101,PROD359,415.95,7,2025-02-12T15:48:34.071158,pending,bank_transfer,South
TXN628935,CUST3815,PROD784,966.99,8,2025-03-22T15:48:34.071161,cancelled,bank_transfer,North
TXN823804,CUST6079,PROD613,446.29,1,2025-01-31T15:48:34.071164,completed,paypal,West
TXN229866,CUST1335,PROD184,607.49,3,2025-02-25T15:48:34.071167,pending,paypal,West
TXN626513,CUST8964,PROD453,29.33,7,2025-12-21T15:48:34.071170,pending,debit_card,West
TXN856019,CUST7442,PROD135,235.1,3,2025-08-10T15:48:34.071173,pending,debit_card,West
TXN450327,CUST8051,PROD278,521.99,9,2025-06-28T15:48:34.071177,completed,credit_card,North
TXN985044,CUST6724,PROD441,310.47,6,2025-05-11T15:48:34.071180,cancelled,bank_transfer,West
TXN283351,CUST9307,PROD317,506.64,10,2025-09-29T15:48:34.071183,completed,credit_card,East
TXN412046,CUST4839,PROD591,350.63,7,2025-12-02T15:48:34.071186,completed,bank_transfer,South
TXN484265,CUST2451,PROD676,745.56,6,2025-04-04T15:48:34.071189,cancelled,paypal,North
TXN265285,CUST3832,PROD676,957.44,5,2025-07-16T15:48:34.071192,pending,debit_card,East
TXN515233,CUST4183,PROD611,550.54,6,2025-10-15T15:48:34.071195,cancelled,debit_card,East
TXN579464,CUST7387,PROD976,840.59,1,2025-10-05T15:48:34.071198,cancelled,bank_transfer,East
TXN566076,CUST1824,PROD258,598.07,3,2025-09-25T15:48:34.071201,cancelled,debit_card,East
TXN427553,CUST1523,PROD115,690.62,6,2025-04-19T15:48:34.071204,completed,debit_card,North
TXN570775,CUST4618,PROD874,158.13,6,2025-03-18T15:48:34.071207,pending,bank_transfer,West
TXN856725,CUST2434,PROD237,550.35,1,2025-02-18T15:48:34.071210,pending,bank_transfer,East
TXN443714,CUST9258,PROD487,803.5,10,2025-07-21T15:48:34.071214,cancelled,credit_card,West
TXN198108,CUST5008,PROD249,393.81,1,2025-12-10T15:48:34.071217,completed,credit_card,South
TXN671687,CUST9991,PROD862,564.26,9,2025-12-17T15:48:34.071219,completed,debit_card,North
TXN840561,CUST8145,PROD685,54.95,8,2025-06-23T15:48:34.071222,completed,paypal,South
TXN727001,CUST8345,PROD667,78.12,4,2025-06-01T15:48:34.071225,pending,paypal,South
TXN257832,CUST6044,PROD812,856.56,8,2025-08-31T15:48:34.071228,completed,debit_card,West
TXN291097,CUST3065,PROD103,844.56,7,2025-06-01T15:48:34.071231,cancelled,paypal,East
TXN406208,CUST2059,PROD569,619.92,8,2025-08-31T15:48:34.071234,completed,bank_transfer,North
TXN820262,CUST5172,PROD269,756.44,10,2025-06-01T15:48:34.071237,cancelled,credit_card,North
TXN746097,CUST1781,PROD653,140.94,4,2025-03-30T15:48:34.071240,cancelled,bank_transfer,West
TXN651887,CUST5612,PROD449,517.54,3,2025-01-31T15:48:34.071243,pending,credit_card,West
TXN941950,CUST2041,PROD775,706.8,5,2025-11-18T15:48:34.071246,cancelled,debit_card,West
TXN784077,CUST2259,PROD593,826.07,7,2026-01-02T15:48:34.071249,cancelled,bank_transfer,East
TXN877816,CUST8301,PROD229,784.95,4,2025-08-08T15:48:34.071253,pending,paypal,North
TXN299139,CUST8781,PROD454,517.54,4,2025-05-02T15:48:34.071256,pending,credit_card,North
TXN709944,CUST1508,PROD411,793.41,10,2025-10-08T15:48:34.071259,pending,credit_card,West
TXN102108,CUST1737,PROD955,454.1,10,2025-09-09T15:48:34.071262,completed,paypal,North
TXN724054,CUST8447,PROD336,177.24,1,2025-11-30T15:48:34.071265,pending,paypal,South
TXN859767,CUST5139,PROD685,239.6,10,2025-04-08T15:48:34.071268,completed,debit_card,West
TXN994734,CUST2525,PROD122,60.94,8,2025-03-18T15:48:34.071271,cancelled,debit_card,East
TXN638828,CUST7989,PROD687,624.34,3,2025-07-05T15:48:34.071274,pending,debit_card,East
TXN786667,CUST9461,PROD324,688.64,9,2025-06-27T15:48:34.071277,cancelled,paypal,North
TXN873498,CUST3099,PROD978,140.67,8,2025-05-10T15:48:34.071280,completed,bank_transfer,South
TXN796013,CUST3070,PROD165,624.08,3,2025-03-18T15:48:34.071283,pending,debit_card,North
TXN107697,CUST8715,PROD970,649.14,9,2025-12-09T15:48:34.071296,pending,debit_card,West
TXN354448,CUST7491,PROD973,427.43,8,2025-09-25T15:48:34.071300,cancelled,debit_card,East
TXN269487,CUST8968,PROD231,830.15,3,2025-03-26T15:48:34.071303,completed,credit_card,East
TXN762747,CUST5039,PROD312,240.5,10,2025-05-01T15:48:34.071306,cancelled,debit_card,South
TXN280328,CUST6517,PROD536,540.84,4,2025-09-15T15:48:34.071309,cancelled,credit_card,South
TXN192089,CUST4143,PROD338,504.81,6,2025-12-09T15:48:34.071312,completed,bank_transfer,North
TXN665664,CUST3827,PROD231,832.05,9,2025-05-14T15:48:34.071315,completed,credit_card,South
TXN525923,CUST4079,PROD845,827.92,6,2025-10-29T15:48:34.071318,cancelled,debit_card,West
TXN677919,CUST4687,PROD482,640.46,3,2025-03-10T15:48:34.071322,completed,bank_transfer,South
TXN715631,CUST5369,PROD557,972.15,4,2026-01-14T15:48:34.071325,pending,credit_card,East
TXN312836,CUST8476,PROD558,258.31,6,2025-10-29T15:48:34.071328,completed,bank_transfer,South
TXN790750,CUST4270,PROD936,708.17,7,2026-01-27T15:48:34.071331,cancelled,paypal,South
TXN501523,CUST1000,PROD518,733.38,1,2025-06-01T15:48:34.071334,cancelled,paypal,North
TXN271955,CUST6125,PROD631,886.98,3,2025-10-12T15:48:34.071337,completed,credit_card,North
TXN985048,CUST2486,PROD934,807.26,2,2025-08-27T15:48:34.071340,completed,credit_card,East
TXN252841,CUST2650,PROD761,648.89,1,2025-05-31T15:48:34.071343,cancelled,debit_card,East
TXN495950,CUST7127,PROD483,57.79,8,2025-09-15T15:48:34.071346,pending,paypal,West
TXN178988,CUST4457,PROD930,255.46,1,2025-04-30T15:48:34.071349,completed,debit_card,East
TXN844820,CUST9946,PROD699,161.39,9,2025-09-10T15:48:34.071352,pending,debit_card,North
TXN750642,CUST4349,PROD636,731.53,7,2026-01-21T15:48:34.071354,pending,bank_transfer,North
TXN399625,CUST8100,PROD617,146.37,5,2025-10-27T15:48:34.071357,cancelled,bank_transfer,South
TXN411006,CUST3831,PROD370,218.8,4,2025-05-12T15:48:34.071360,pending,credit_card,North
TXN736378,CUST9628,PROD557,884.97,10,2025-11-16T15:48:34.071363,pending,credit_card,North
TXN156363,CUST6983,PROD337,441.55,1,2025-04-17T15:48:34.071366,completed,paypal,East
TXN878030,CUST7029,PROD421,926.45,10,2025-03-21T15:48:34.071369,completed,credit_card,North
TXN509002,CUST7218,PROD800,750.91,7,2025-04-24T15:48:34.071372,completed,credit_card,East
TXN379754,CUST2571,PROD740,456.07,8,2025-11-01T15:48:34.071375,cancelled,credit_card,East
TXN884465,CUST1775,PROD245,721.74,4,2025-05-19T15:48:34.071378,completed,bank_transfer,North
TXN756639,CUST5568,PROD554,854.28,1,2025-02-12T15:48:34.071381,completed,credit_card,East
TXN392746,CUST7371,PROD847,115.9,5,2025-08-18T15:48:34.071384,pending,credit_card,North
TXN455041,CUST2868,PROD933,14.1,2,2025-05-06T15:48:34.071387,cancelled,debit_card,North
TXN458705,CUST4822,PROD100,183.19,7,2026-01-24T15:48:34.071390,pending,paypal,West
TXN728737,CUST3289,PROD616,344.97,2,2025-04-25T15:48:34.071393,pending,credit_card,West
TXN938039,CUST8614,PROD745,309.34,3,2025-07-16T15:48:34.071396,cancelled,credit_card,South
TXN248865,CUST6088,PROD447,639.79,10,2025-12-20T15:48:34.071399,completed,credit_card,South
TXN205673,CUST3416,PROD337,102.64,1,2025-12-05T15:48:34.071402,completed,debit_card,East
TXN514692,CUST7018,PROD470,144.87,8,2025-09-06T15:48:34.071405,pending,bank_transfer,South
TXN285041,CUST3246,PROD958,259.38,5,2025-09-14T15:48:34.071408,cancelled,paypal,South
TXN474496,CUST5250,PROD919,622.32,6,2025-11-01T15:48:34.071411,cancelled,credit_card,West
TXN691716,CUST5550,PROD409,349.84,3,2025-02-07T15:48:34.071414,pending,credit_card,West
TXN282106,CUST8093,PROD170,921.45,9,2025-04-21T15:48:34.071417,pending,bank_transfer,North
TXN801572,CUST5611,PROD996,784.74,8,2025-09-18T15:48:34.071420,completed,paypal,West
TXN546481,CUST4023,PROD375,448.82,2,2025-03-09T15:48:34.071423,pending,credit_card,North
TXN891859,CUST9393,PROD641,460.66,1,2025-12-10T15:48:34.071426,cancelled,bank_transfer,South
TXN493431,CUST8152,PROD623,603.48,9,2025-04-21T15:48:34.071429,cancelled,paypal,West
TXN254647,CUST9935,PROD767,746.7,3,2025-04-24T15:48:34.071432,cancelled,bank_transfer,North
TXN593700,CUST8177,PROD346,975.73,1,2026-01-29T15:48:34.071435,completed,paypal,West
TXN880734,CUST6640,PROD763,346.24,7,2025-08-16T15:48:34.071438,pending,debit_card,South
TXN672433,CUST3971,PROD831,220.29,10,2025-07-18T15:48:34.071441,cancelled,paypal,West
TXN275783,CUST4254,PROD202,198.88,10,2025-02-03T15:48:34.071444,cancelled,paypal,North
TXN757690,CUST8504,PROD908,288.0,3,2025-08-01T15:48:34.071447,pending,paypal,North
TXN935021,CUST9684,PROD972,466.91,5,2025-04-20T15:48:34.071450,pending,paypal,West
TXN530982,CUST3701,PROD453,666.85,2,2025-07-18T15:48:34.071453,completed,paypal,South
TXN360186,CUST1823,PROD911,592.86,5,2025-12-30T15:48:34.071456,cancelled,credit_card,West
TXN365773,CUST3956,PROD821,524.71,2,2025-06-09T15:48:34.071459,completed,debit_card,North
TXN220461,CUST7283,PROD403,531.36,8,2025-10-18T15:48:34.071462,cancelled,bank_transfer,South
TXN827921,CUST5663,PROD846,980.6,4,2026-01-29T15:48:34.071465,pending,credit_card,East
TXN815859,CUST6358,PROD664,945.62,2,2025-03-10T15:48:34.071468,pending,paypal,North
TXN213526,CUST4753,PROD728,549.9,8,2025-05-16T15:48:34.071471,completed,debit_card,West
TXN433808,CUST3595,PROD963,239.72,1,2025-11-15T15:48:34.071474,cancelled,debit_card,North
TXN809076,CUST6948,PROD664,468.19,2,2025-06-06T15:48:34.071477,cancelled,paypal,North
TXN301877,CUST8064,PROD434,344.61,6,2025-07-26T15:48:34.071480,pending,credit_card,South
TXN213663,CUST6790,PROD297,577.33,2,2025-06-05T15:48:34.071483,pending,paypal,South
TXN220630,CUST9556,PROD549,268.47,6,2026-01-27T15:48:34.071486,pending,bank_transfer,West
TXN337994,CUST7843,PROD188,212.85,10,2025-11-20T15:48:34.071489,cancelled,debit_card,North
TXN851155,CUST7433,PROD231,181.73,6,2025-02-12T15:48:34.071492,cancelled,debit_card,West
TXN501362,CUST4178,PROD997,573.99,3,2025-04-13T15:48:34.071495,cancelled,debit_card,East
TXN732902,CUST1402,PROD975,222.06,8,2026-01-15T15:48:34.071498,completed,credit_card,North
TXN280906,CUST1287,PROD342,761.92,2,2026-01-23T15:48:34.071501,completed,bank_transfer,North
TXN725367,CUST9811,PROD433,832.21,1,2025-08-02T15:48:34.071504,pending,paypal,South
TXN484189,CUST4099,PROD995,313.67,4,2025-07-25T15:48:34.071507,pending,bank_transfer,North
TXN829272,CUST3068,PROD251,50.07,5,2025-05-08T15:48:34.071510,pending,credit_card,North
TXN508064,CUST3887,PROD936,786.17,2,2025-07-16T15:48:34.071513,pending,bank_transfer,West
TXN129185,CUST2926,PROD266,795.32,10,2025-07-04T15:48:34.071516,cancelled,bank_transfer,East
TXN207816,CUST8349,PROD420,709.76,2,2025-08-10T15:48:34.071519,pending,debit_card,South
TXN713013,CUST9406,PROD268,559.79,6,2025-06-03T15:48:34.071522,pending,bank_transfer,West
TXN234325,CUST8332,PROD821,570.9,10,2025-12-07T15:48:34.071525,pending,paypal,West
TXN751546,CUST6782,PROD503,239.79,6,2025-07-26T15:48:34.071528,completed,paypal,East
TXN639197,CUST2333,PROD133,841.41,2,2025-08-29T15:48:34.071531,cancelled,credit_card,West
TXN563288,CUST4361,PROD390,52.14,2,2025-12-01T15:48:34.071534,cancelled,debit_card,West
TXN887712,CUST2127,PROD782,917.63,3,2025-09-08T15:48:34.071537,cancelled,debit_card,East
TXN207539,CUST5991,PROD886,910.69,4,2025-12-31T15:48:34.071540,pending,debit_card,East
TXN424984,CUST7772,PROD249,148.5,8,2025-09-22T15:48:34.071543,cancelled,debit_card,North
TXN707076,CUST3047,PROD558,145.2,4,2025-08-15T15:48:34.071546,pending,credit_card,North
TXN616941,CUST1648,PROD985,360.71,6,2025-10-17T15:48:34.071549,pending,credit_card,North
TXN816203,CUST9023,PROD985,580.43,9,2025-12-22T15:48:34.071553,pending,paypal,South
TXN972949,CUST4234,PROD217,532.59,10,2025-08-27T15:48:34.071556,pending,debit_card,East
TXN584265,CUST6545,PROD109,207.64,2,2025-11-15T15:48:34.071558,completed,credit_card,South
TXN367066,CUST5461,PROD123,505.5,3,2025-02-22T15:48:34.071561,completed,credit_card,East
TXN904197,CUST9605,PROD241,507.56,2,2025-12-23T15:48:34.071565,completed,bank_transfer,South
TXN365025,CUST6582,PROD572,569.58,3,2025-06-07T15:48:34.071568,cancelled,paypal,North
TXN862385,CUST2452,PROD243,468.17,9,2025-04-19T15:48:34.071571,pending,credit_card,North
TXN492099,CUST1820,PROD960,222.83,7,2026-01-22T15:48:34.071574,cancelled,bank_transfer,West
TXN833653,CUST8110,PROD795,903.9,5,2025-10-06T15:48:34.071577,cancelled,debit_card,South
TXN895193,CUST3730,PROD133,627.43,7,2025-05-10T15:48:34.071580,pending,paypal,North
TXN358332,CUST6212,PROD474,659.24,2,2025-06-22T15:48:34.071583,pending,paypal,North
TXN116554,CUST5585,PROD650,782.29,6,2025-08-14T15:48:34.071586,cancelled,paypal,East
TXN676369,CUST3280,PROD418,705.38,10,2025-09-26T15:48:34.071589,cancelled,bank_transfer,West
TXN192609,CUST7934,PROD152,841.2,4,2025-10-22T15:48:34.071592,cancelled,paypal,South
TXN797834,CUST4245,PROD353,734.97,6,2025-05-22T15:48:34.071595,cancelled,debit_card,East
TXN174614,CUST2204,PROD988,556.49,1,2026-01-15T15:48:34.071598,cancelled,credit_card,South
TXN477475,CUST7378,PROD168,468.55,5,2025-10-15T15:48:34.071601,pending,bank_transfer,East
TXN452386,CUST6503,PROD105,344.85,3,2025-06-28T15:48:34.071604,cancelled,credit_card,West
TXN930506,CUST7863,PROD853,496.28,10,2025-06-15T15:48:34.071607,completed,bank_transfer,South
TXN169741,CUST8935,PROD726,758.14,10,2025-04-24T15:48:34.071610,completed,debit_card,South
TXN843907,CUST4456,PROD997,374.61,2,2025-05-09T15:48:34.071613,cancelled,credit_card,East
TXN130313,CUST5200,PROD189,730.92,9,2026-01-10T15:48:34.071616,cancelled,debit_card,East
TXN184241,CUST3176,PROD416,706.04,9,2025-03-16T15:48:34.071619,pending,bank_transfer,West
TXN727719,CUST8688,PROD112,164.09,10,2025-07-07T15:48:34.071622,completed,credit_card,East
TXN719176,CUST6448,PROD818,875.93,1,2025-07-15T15:48:34.071625,pending,bank_transfer,East
TXN627205,CUST7707,PROD206,915.23,2,2025-12-19T15:48:34.071628,pending,paypal,West
TXN660830,CUST1811,PROD848,418.86,3,2025-05-16T15:48:34.071631,pending,bank_transfer,East
TXN385229,CUST3028,PROD614,676.12,4,2025-04-14T15:48:34.071634,cancelled,debit_card,South
TXN368520,CUST8646,PROD459,114.55,2,2025-12-18T15:48:34.071637,cancelled,bank_transfer,West
TXN780453,CUST6072,PROD892,909.4,6,2025-07-19T15:48:34.071640,completed,paypal,East
TXN826075,CUST6106,PROD210,815.22,8,2025-04-12T15:48:34.071643,completed,bank_transfer,East
TXN607267,CUST4089,PROD234,195.1,2,2025-10-15T15:48:34.071646,cancelled,debit_card,North
TXN254855,CUST2350,PROD600,426.58,5,2025-08-21T15:48:34.071649,cancelled,paypal,East
TXN182161,CUST9038,PROD510,97.77,6,2025-07-28T15:48:34.071652,cancelled,debit_card,East
TXN694144,CUST6320,PROD215,493.21,9,2025-03-04T15:48:34.071655,pending,credit_card,North
TXN185632,CUST8891,PROD531,515.33,5,2025-03-09T15:48:34.071658,completed,credit_card,South
TXN269115,CUST9215,PROD516,968.11,7,2025-04-01T15:48:34.071661,pending,paypal,West
TXN394897,CUST2631,PROD694,347.54,5,2025-02-18T15:48:34.071664,completed,debit_card,North
TXN283090,CUST2375,PROD700,73.93,6,2025-07-07T15:48:34.071667,cancelled,credit_card,North
TXN334931,CUST6416,PROD837,940.19,9,2025-07-26T15:48:34.071670,cancelled,debit_card,East
TXN917809,CUST2882,PROD280,537.62,8,2025-07-16T15:48:34.071673,pending,debit_card,East
TXN778013,CUST1985,PROD238,212.1,6,2025-06-27T15:48:34.071676,pending,debit_card,West
TXN475137,CUST6072,PROD666,17.38,3,2025-06-19T15:48:34.071679,pending,credit_card,West
TXN107724,CUST7815,PROD216,663.46,5,2025-07-24T15:48:34.071682,completed,paypal,North
TXN395507,CUST2376,PROD991,355.19,5,2025-02-16T15:48:34.071685,cancelled,debit_card,South
TXN537030,CUST8114,PROD518,968.39,6,2025-05-28T15:48:34.071688,completed,bank_transfer,South
TXN711460,CUST3510,PROD745,799.98,8,2025-02-01T15:48:34.071691,completed,debit_card,North
TXN561471,CUST7211,PROD544,310.37,1,2025-04-20T15:48:34.071695,completed,credit_card,East
TXN499899,CUST5501,PROD325,450.91,7,2025-10-25T15:48:34.071697,pending,bank_transfer,South
TXN328351,CUST3790,PROD222,773.05,8,2025-07-26T15:48:34.071700,pending,bank_transfer,South
TXN718484,CUST2641,PROD976,804.8,5,2025-12-05T15:48:34.071703,pending,paypal,North
TXN642007,CUST8986,PROD370,841.58,1,2025-10-30T15:48:34.071707,pending,paypal,South
TXN788863,CUST9350,PROD396,334.69,1,2025-06-29T15:48:34.071710,cancelled,debit_card,North
TXN374879,CUST6734,PROD330,538.09,1,2025-03-11T15:48:34.071713,cancelled,credit_card,West
TXN803131,CUST2735,PROD719,26.55,1,2025-10-07T15:48:34.071716,completed,paypal,East
TXN543653,CUST5915,PROD936,575.89,4,2025-11-09T15:48:34.071719,completed,paypal,South
TXN326538,CUST2402,PROD820,824.96,7,2025-08-19T15:48:34.071722,pending,paypal,West
TXN841819,CUST9947,PROD950,475.71,4,2025-06-06T15:48:34.071725,pending,credit_card,West
TXN568531,CUST5437,PROD641,711.35,8,2025-07-08T15:48:34.071728,pending,credit_card,North
TXN121875,CUST8152,PROD749,568.57,1,2025-09-26T15:48:34.071731,completed,bank_transfer,South
TXN334887,CUST5979,PROD198,180.9,3,2025-10-06T15:48:34.071734,cancelled,debit_card,North
TXN260123,CUST1505,PROD937,744.32,1,2025-09-05T15:48:34.071737,pending,bank_transfer,North
TXN588992,CUST1652,PROD369,906.17,1,2025-11-04T15:48:34.071740,cancelled,debit_card,West
TXN730197,CUST6491,PROD266,509.71,4,2026-01-26T15:48:34.071743,completed,paypal,North
TXN260016,CUST9406,PROD153,801.97,7,2026-01-01T15:48:34.071746,completed,paypal,North
TXN454177,CUST5187,PROD662,269.5,2,2025-12-09T15:48:34.071749,pending,paypal,South
TXN288213,CUST6263,PROD361,765.92,6,2025-08-25T15:48:34.071753,pending,debit_card,North
TXN531169,CUST1363,PROD910,547.09,5,2025-06-03T15:48:34.071755,pending,debit_card,South
TXN453220,CUST1866,PROD247,497.47,6,2025-10-27T15:48:34.071758,pending,bank_transfer,South
TXN473581,CUST3706,PROD741,974.2,1,2025-03-17T15:48:34.071761,pending,credit_card,East
TXN399985,CUST8954,PROD935,380.11,6,2025-02-28T15:48:34.071764,pending,credit_card,South
TXN292468,CUST6702,PROD713,259.8,2,2025-06-07T15:48:34.071768,pending,bank_transfer,East
TXN396667,CUST2485,PROD741,158.26,1,2025-03-29T15:48:34.071770,pending,debit_card,South
TXN951926,CUST4285,PROD717,655.69,4,2025-09-25T15:48:34.071773,completed,debit_card,East
TXN510624,CUST4145,PROD335,585.0,6,2025-03-28T15:48:34.071776,completed,debit_card,East
TXN403953,CUST8304,PROD653,229.5,4,2025-04-28T15:48:34.071779,pending,bank_transfer,East
TXN599595,CUST9464,PROD724,825.95,9,2025-10-24T15:48:34.071782,completed,credit_card,North
TXN808718,CUST2325,PROD973,895.79,7,2025-09-26T15:48:34.071785,cancelled,credit_card,North
TXN809496,CUST1143,PROD593,912.88,10,2025-10-10T15:48:34.071788,completed,debit_card,South
TXN461093,CUST6009,PROD169,423.94,1,2025-09-08T15:48:34.071791,cancelled,credit_card,West
TXN131136,CUST9512,PROD544,861.86,4,2025-05-15T15:48:34.071794,pending,credit_card,South
TXN372585,CUST6575,PROD192,831.2,6,2025-07-17T15:48:34.071797,pending,bank_transfer,North
TXN871251,CUST7953,PROD484,870.27,5,2025-10-13T15:48:34.071800,cancelled,paypal,North
TXN958661,CUST4933,PROD721,996.02,2,2025-02-09T15:48:34.071803,completed,bank_transfer,North
TXN935004,CUST9671,PROD920,427.12,2,2025-02-20T15:48:34.071807,completed,bank_transfer,West
TXN924562,CUST6177,PROD979,908.43,4,2025-02-28T15:48:34.071809,pending,credit_card,East
TXN457198,CUST8588,PROD682,857.65,3,2026-01-28T15:48:34.071813,cancelled,paypal,East
TXN263340,CUST6183,PROD570,671.3,5,2025-10-16T15:48:34.071816,cancelled,debit_card,East
TXN438585,CUST9597,PROD103,747.18,3,2025-09-06T15:48:34.071819,pending,credit_card,South
TXN872353,CUST4404,PROD144,282.66,9,2025-08-04T15:48:34.071822,pending,bank_transfer,West
TXN641622,CUST2461,PROD658,353.6,6,2025-11-24T15:48:34.071825,completed,credit_card,East
TXN505606,CUST4017,PROD664,80.46,5,2025-10-20T15:48:34.071828,pending,credit_card,North
TXN393421,CUST1387,PROD382,169.5,5,2025-06-06T15:48:34.071831,completed,credit_card,East
TXN897033,CUST1182,PROD522,993.57,7,2025-08-22T15:48:34.071834,completed,debit_card,East
TXN977967,CUST3905,PROD326,616.58,3,2025-03-03T15:48:34.071837,cancelled,credit_card,North
TXN924047,CUST6030,PROD788,74.67,8,2025-12-21T15:48:34.071840,cancelled,bank_transfer,North
TXN720312,CUST8013,PROD175,482.11,6,2025-02-23T15:48:34.071843,pending,bank_transfer,South
TXN390035,CUST9507,PROD234,55.65,7,2025-01-31T15:48:34.071846,completed,credit_card,West
TXN526036,CUST3378,PROD307,111.72,2,2026-01-19T15:48:34.071849,pending,paypal,North
TXN432255,CUST4438,PROD947,445.15,6,2025-10-25T15:48:34.071852,cancelled,debit_card,South
TXN853760,CUST7488,PROD743,953.18,9,2025-05-25T15:48:34.071855,pending,debit_card,East
TXN718683,CUST2165,PROD198,670.81,10,2025-10-27T15:48:34.071858,completed,credit_card,South
TXN437547,CUST7415,PROD227,137.29,6,2025-08-08T15:48:34.071861,pending,bank_transfer,South
TXN381583,CUST9240,PROD558,904.24,3,2025-06-17T15:48:34.071864,completed,paypal,South
TXN198261,CUST7624,PROD717,431.18,6,2025-07-16T15:48:34.071867,completed,credit_card,East
TXN404206,CUST4554,PROD189,522.88,10,2025-03-28T15:48:34.071870,pending,bank_transfer,East
TXN256925,CUST5582,PROD836,474.61,2,2025-07-20T15:48:34.071873,pending,credit_card,West
TXN608245,CUST2374,PROD598,418.5,3,2025-06-12T15:48:34.071876,cancelled,debit_card,East
TXN776231,CUST9401,PROD281,601.48,5,2025-07-28T15:48:34.071879,completed,credit_card,East
TXN690698,CUST3030,PROD145,196.43,3,2025-06-14T15:48:34.071882,cancelled,debit_card,North
TXN539583,CUST7223,PROD340,614.1,1,2026-01-20T15:48:34.071885,completed,bank_transfer,East
TXN104471,CUST5189,PROD434,404.14,1,2025-05-07T15:48:34.071888,cancelled,credit_card,North
TXN163639,CUST2651,PROD681,646.75,8,2025-02-22T15:48:34.071891,pending,bank_transfer,West
TXN819635,CUST4635,PROD998,334.91,10,2025-05-23T15:48:34.071894,pending,debit_card,South
TXN925641,CUST1210,PROD867,839.09,8,2026-01-05T15:48:34.071897,cancelled,debit_card,East
TXN787622,CUST5533,PROD592,492.08,8,2025-04-25T15:48:34.071900,cancelled,bank_transfer,East
TXN796401,CUST6823,PROD852,978.34,2,2026-01-15T15:48:34.071903,completed,debit_card,West
TXN924854,CUST8471,PROD231,904.18,9,2025-08-24T15:48:34.071906,pending,credit_card,West
TXN107531,CUST9684,PROD663,25.97,9,2025-12-29T15:48:34.071909,cancelled,debit_card,South
TXN422510,CUST8486,PROD412,287.14,10,2025-09-14T15:48:34.071912,pending,bank_transfer,East
TXN960630,CUST4581,PROD482,935.39,4,2025-05-14T15:48:34.071915,completed,credit_card,South
TXN346180,CUST4449,PROD837,619.45,7,2025-08-07T15:48:34.071919,pending,debit_card,North
TXN645042,CUST9308,PROD565,723.43,10,2025-06-07T15:48:34.071922,cancelled,bank_transfer,North
TXN501296,CUST6592,PROD299,880.69,5,2025-07-05T15:48:34.071925,cancelled,debit_card,South
TXN265262,CUST9188,PROD142,25.47,9,2025-05-31T15:48:34.071928,completed,paypal,South
TXN941679,CUST5588,PROD918,926.21,1,2025-04-24T15:48:34.071931,cancelled,bank_transfer,South
TXN666773,CUST9501,PROD909,704.35,2,2025-03-26T15:48:34.071934,completed,debit_card,South
TXN498509,CUST8032,PROD244,277.32,5,2025-07-16T15:48:34.071938,completed,debit_card,East
TXN293456,CUST1906,PROD722,521.86,10,2025-04-24T15:48:34.071940,cancelled,credit_card,North
TXN553489,CUST9984,PROD177,785.7,2,2025-10-16T15:48:34.071944,completed,paypal,West
TXN147673,CUST3812,PROD530,617.67,2,2025-02-19T15:48:34.071947,pending,bank_transfer,South
TXN633252,CUST4836,PROD226,803.28,6,2025-05-11T15:48:34.071950,completed,debit_card,South
TXN970754,CUST2819,PROD366,788.06,1,2025-04-25T15:48:34.071954,cancelled,paypal,West
TXN675315,CUST9960,PROD292,936.38,1,2025-03-08T15:48:34.071957,completed,debit_card,East
TXN451240,CUST9096,PROD857,475.9,1,2025-02-15T15:48:34.071960,completed,bank_transfer,South
TXN864852,CUST4188,PROD452,424.52,4,2025-02-21T15:48:34.071963,cancelled,paypal,West
TXN875459,CUST7950,PROD144,435.79,7,2025-01-31T15:48:34.071966,cancelled,paypal,South
TXN267972,CUST2701,PROD388,851.72,7,2025-06-18T15:48:34.071969,cancelled,paypal,North
TXN471740,CUST9428,PROD170,734.66,5,2025-11-26T15:48:34.071972,pending,credit_card,East
TXN175385,CUST8817,PROD407,840.21,5,2025-03-20T15:48:34.071975,cancelled,credit_card,West
TXN686665,CUST2170,PROD751,136.69,8,2025-04-18T15:48:34.071978,pending,bank_transfer,West
TXN714674,CUST1739,PROD320,369.98,7,2025-10-22T15:48:34.071981,pending,bank_transfer,North
TXN933174,CUST6738,PROD778,260.21,10,2025-04-10T15:48:34.071984,cancelled,credit_card,North
TXN777242,CUST9183,PROD349,32.43,8,2025-03-14T15:48:34.071987,completed,bank_transfer,North
TXN266583,CUST6412,PROD338,612.78,1,2025-02-11T15:48:34.071990,completed,paypal,East
TXN265666,CUST8691,PROD420,477.71,4,2025-12-26T15:48:34.071993,cancelled,debit_card,East
TXN517475,CUST9421,PROD144,662.64,8,2025-11-05T15:48:34.071997,cancelled,paypal,South
TXN566468,CUST6855,PROD566,966.27,1,2025-09-11T15:48:34.072000,cancelled,debit_card,North
TXN952713,CUST4294,PROD272,300.29,6,2025-03-11T15:48:34.072003,pending,credit_card,South
TXN846111,CUST8943,PROD611,640.29,4,2025-02-28T15:48:34.072006,cancelled,debit_card,West
TXN432612,CUST7596,PROD618,926.66,5,2025-05-19T15:48:34.072009,cancelled,credit_card,East
TXN268786,CUST4358,PROD710,314.96,9,2025-10-23T15:48:34.072011,pending,credit_card,West
TXN743763,CUST8104,PROD303,306.97,1,2025-06-26T15:48:34.072014,cancelled,debit_card,West
TXN806434,CUST2868,PROD773,483.08,4,2026-01-26T15:48:34.072017,pending,paypal,West
TXN165786,CUST9723,PROD584,539.3,3,2025-03-07T15:48:34.072020,pending,paypal,South
TXN198493,CUST1234,PROD790,217.66,9,2025-05-20T15:48:34.072024,pending,credit_card,West
TXN142799,CUST8299,PROD715,348.24,7,2025-04-17T15:48:34.072027,completed,debit_card,West
TXN314368,CUST6256,PROD208,203.58,8,2025-11-12T15:48:34.072029,cancelled,debit_card,East
TXN779348,CUST5953,PROD320,746.1,4,2025-09-27T15:48:34.072032,completed,debit_card,East
TXN352483,CUST9726,PROD209,926.0,5,2026-01-20T15:48:34.072035,completed,bank_transfer,North
TXN140840,CUST9674,PROD760,325.84,8,2025-07-08T15:48:34.072038,cancelled,bank_transfer,East
TXN749761,CUST4849,PROD586,286.04,6,2025-07-10T15:48:34.072041,completed,credit_card,East
TXN956631,CUST6312,PROD800,782.45,5,2025-05-06T15:48:34.072044,completed,debit_card,East
TXN877929,CUST2199,PROD327,195.8,2,2026-01-19T15:48:34.072047,cancelled,bank_transfer,West
TXN890137,CUST5103,PROD779,562.47,7,2025-11-03T15:48:34.072050,cancelled,paypal,South
TXN380908,CUST7216,PROD731,627.0,4,2025-06-11T15:48:34.072053,pending,credit_card,South
TXN985729,CUST1013,PROD607,352.42,6,2025-11-05T15:48:34.072056,cancelled,paypal,North
TXN144116,CUST7802,PROD321,98.46,7,2025-10-26T15:48:34.072059,pending,paypal,North
TXN424283,CUST2691,PROD299,505.84,6,2025-03-18T15:48:34.072062,pending,bank_transfer,North
TXN371247,CUST3265,PROD251,582.86,3,2025-05-21T15:48:34.072065,pending,bank_transfer,East
TXN847767,CUST4471,PROD633,315.49,3,2026-01-05T15:48:34.072068,completed,credit_card,West
TXN561143,CUST1113,PROD841,27.67,3,2025-06-13T15:48:34.072071,pending,debit_card,North
TXN971630,CUST9906,PROD393,408.89,3,2025-04-06T15:48:34.072074,pending,credit_card,West
TXN761434,CUST9158,PROD211,879.57,7,2025-03-24T15:48:34.072077,cancelled,paypal,North
TXN444765,CUST1418,PROD124,23.86,1,2025-09-25T15:48:34.072080,cancelled,credit_card,West
TXN305146,CUST8958,PROD730,375.88,6,2026-01-12T15:48:34.072083,pending,debit_card,South
TXN877513,CUST3465,PROD364,380.26,7,2026-01-19T15:48:34.072086,completed,credit_card,North
TXN327166,CUST5458,PROD761,391.15,7,2025-04-28T15:48:34.072089,completed,bank_transfer,North
TXN280365,CUST2770,PROD513,349.85,7,2026-01-26T15:48:34.072092,cancelled,credit_card,East
TXN970883,CUST5117,PROD736,551.12,4,2025-09-07T15:48:34.072095,pending,bank_transfer,South
TXN118174,CUST4563,PROD928,506.34,5,2025-02-21T15:48:34.072098,cancelled,debit_card,West
TXN227827,CUST4189,PROD957,275.17,1,2025-07-16T15:48:34.072101,pending,bank_transfer,East
TXN262526,CUST1055,PROD175,557.36,9,2025-06-13T15:48:34.072104,completed,paypal,North
TXN393225,CUST2254,PROD998,868.19,9,2025-10-30T15:48:34.072107,cancelled,debit_card,East
TXN916939,CUST4160,PROD327,339.42,4,2025-02-15T15:48:34.072110,completed,debit_card,North
TXN172158,CUST3127,PROD501,614.48,9,2025-05-24T15:48:34.072113,pending,debit_card,North
TXN663705,CUST2665,PROD276,667.15,9,2026-01-29T15:48:34.072116,completed,paypal,South
TXN539901,CUST9409,PROD312,981.44,6,2026-01-01T15:48:34.072119,completed,credit_card,South
TXN518118,CUST8935,PROD618,523.97,1,2025-09-19T15:48:34.072123,completed,paypal,South
TXN870880,CUST7541,PROD222,807.74,2,2025-04-23T15:48:34.072125,completed,debit_card,South
TXN800704,CUST9395,PROD193,428.64,2,2025-06-25T15:48:34.072129,pending,credit_card,West
TXN165209,CUST2897,PROD794,821.22,1,2025-08-24T15:48:34.072132,completed,debit_card,West
TXN145878,CUST7929,PROD299,115.52,10,2026-01-14T15:48:34.072135,completed,bank_transfer,East
TXN439896,CUST8608,PROD274,729.55,10,2025-11-06T15:48:34.072138,completed,bank_transfer,West
TXN619429,CUST4631,PROD966,463.65,4,2025-02-13T15:48:34.072140,pending,bank_transfer,East
TXN710407,CUST8397,PROD889,526.87,7,2025-05-26T15:48:34.072144,cancelled,credit_card,South
TXN917837,CUST8592,PROD388,827.88,8,2025-03-06T15:48:34.072146,cancelled,paypal,West
TXN176059,CUST7576,PROD846,786.51,2,2025-06-24T15:48:34.072149,completed,credit_card,South
TXN803297,CUST5139,PROD356,38.16,7,2025-10-15T15:48:34.072153,completed,paypal,West
TXN720791,CUST2048,PROD660,907.52,9,2025-08-01T15:48:34.072156,cancelled,bank_transfer,East
TXN274889,CUST8973,PROD737,398.85,6,2025-02-15T15:48:34.072158,pending,paypal,East
TXN745777,CUST3082,PROD920,543.47,3,2025-08-07T15:48:34.072161,cancelled,bank_transfer,East
TXN750215,CUST9506,PROD644,606.22,8,2025-10-09T15:48:34.072164,completed,paypal,North
TXN633369,CUST6491,PROD166,832.77,9,2025-03-14T15:48:34.072167,cancelled,bank_transfer,West
TXN229201,CUST1726,PROD217,185.85,1,2025-11-14T15:48:34.072170,pending,credit_card,West
TXN891458,CUST8257,PROD720,434.05,5,2025-06-04T15:48:34.072173,cancelled,debit_card,West
TXN200708,CUST4314,PROD235,856.93,3,2025-07-19T15:48:34.072176,pending,debit_card,East
TXN697929,CUST4742,PROD676,647.74,8,2026-01-11T15:48:34.072179,completed,paypal,South
TXN916199,CUST9473,PROD770,844.01,7,2025-09-29T15:48:34.072182,completed,bank_transfer,South
TXN973276,CUST4470,PROD829,317.21,3,2026-01-28T15:48:34.072185,completed,credit_card,South
TXN872030,CUST3917,PROD144,311.18,5,2025-11-08T15:48:34.072188,pending,debit_card,East
TXN215389,CUST6579,PROD349,479.47,5,2025-10-10T15:48:34.072191,pending,paypal,South
TXN436842,CUST6371,PROD271,55.58,8,2025-03-25T15:48:34.072194,pending,debit_card,West
TXN341786,CUST8513,PROD429,470.1,8,2025-09-16T15:48:34.072197,cancelled,paypal,North
TXN685601,CUST3379,PROD376,69.05,1,2025-10-29T15:48:34.072200,pending,debit_card,East
TXN182671,CUST5440,PROD572,151.56,7,2025-12-19T15:48:34.072203,pending,paypal,East
TXN434355,CUST9392,PROD149,488.45,2,2025-03-01T15:48:34.072206,pending,credit_card,East
TXN719011,CUST5877,PROD713,260.85,3,2025-05-01T15:48:34.072210,completed,bank_transfer,South
TXN123649,CUST3438,PROD175,536.17,3,2025-06-06T15:48:34.072213,cancelled,paypal,South
TXN167119,CUST7273,PROD948,225.87,4,2025-05-26T15:48:34.072216,pending,credit_card,West
TXN937871,CUST1528,PROD517,433.92,1,2026-01-20T15:48:34.072219,cancelled,credit_card,North
TXN155523,CUST4066,PROD834,594.24,10,2025-02-06T15:48:34.072222,pending,credit_card,West
TXN269138,CUST5427,PROD648,331.8,5,2025-11-21T15:48:34.072225,cancelled,bank_transfer,South
TXN758697,CUST3295,PROD316,570.19,8,2025-03-06T15:48:34.072228,completed,paypal,West
TXN544255,CUST1020,PROD361,121.31,1,2025-07-08T15:48:34.072231,pending,paypal,East
TXN608474,CUST4053,PROD605,382.12,9,2025-07-05T15:48:34.072234,pending,debit_card,East
TXN264315,CUST2672,PROD480,655.83,5,2025-07-23T15:48:34.072237,completed,paypal,South
TXN383706,CUST3209,PROD679,353.12,2,2025-08-01T15:48:34.072240,pending,paypal,East
TXN307411,CUST1073,PROD333,782.64,3,2025-03-12T15:48:34.072243,cancelled,credit_card,North
TXN739915,CUST4107,PROD796,803.28,10,2025-12-20T15:48:34.072246,pending,debit_card,South
TXN252351,CUST9057,PROD133,434.72,7,2025-03-16T15:48:34.072249,pending,debit_card,East
TXN336558,CUST6830,PROD684,640.02,5,2025-07-16T15:48:34.072252,cancelled,credit_card,East
TXN331212,CUST1491,PROD625,531.78,10,2025-02-04T15:48:34.072255,pending,credit_card,North
TXN210101,CUST8052,PROD780,97.58,8,2025-06-11T15:48:34.072258,completed,bank_transfer,North
TXN195144,CUST1727,PROD400,441.81,4,2025-08-17T15:48:34.072261,completed,debit_card,West
TXN454199,CUST8001,PROD466,180.74,5,2026-01-04T15:48:34.072264,pending,debit_card,South
TXN605724,CUST8643,PROD995,604.07,9,2025-08-30T15:48:34.072267,completed,credit_card,West
TXN474276,CUST7112,PROD901,602.1,10,2025-10-03T15:48:34.072270,pending,paypal,East
TXN909173,CUST8080,PROD837,481.01,8,2025-08-25T15:48:34.072273,completed,paypal,South
TXN347278,CUST7447,PROD360,837.06,9,2025-11-30T15:48:34.072276,pending,debit_card,West
TXN541499,CUST7200,PROD550,828.42,2,2025-12-04T15:48:34.072279,pending,paypal,North
TXN914774,CUST1705,PROD560,748.71,7,2025-06-14T15:48:34.072282,completed,credit_card,North
TXN225056,CUST8358,PROD820,440.2,10,2025-07-20T15:48:34.072285,completed,bank_transfer,South
TXN436352,CUST5576,PROD460,827.5,5,2025-10-15T15:48:34.072288,pending,paypal,South
TXN892626,CUST2055,PROD200,635.91,5,2025-09-30T15:48:34.072291,cancelled,paypal,East
TXN439432,CUST2852,PROD800,652.19,7,2025-05-19T15:48:34.072294,pending,credit_card,West
TXN656118,CUST8232,PROD951,96.0,1,2025-05-04T15:48:34.072297,completed,credit_card,South
TXN326583,CUST2227,PROD931,496.57,4,2025-10-31T15:48:34.072300,completed,debit_card,West
TXN959181,CUST5675,PROD302,569.77,3,2025-05-16T15:48:34.072303,pending,bank_transfer,North
TXN460170,CUST4517,PROD588,307.42,9,2025-06-17T15:48:34.072306,completed,credit_card,North
TXN127701,CUST5561,PROD221,143.79,10,2025-04-14T15:48:34.072309,cancelled,credit_card,South
TXN413820,CUST3832,PROD979,294.41,9,2025-07-13T15:48:34.072312,completed,bank_transfer,North
TXN648686,CUST6846,PROD870,76.78,2,2025-05-03T15:48:34.072315,cancelled,bank_transfer,South
TXN586083,CUST8631,PROD230,457.38,2,2025-04-23T15:48:34.072318,pending,credit_card,South
TXN740588,CUST2434,PROD531,881.3,4,2025-11-08T15:48:34.072321,pending,credit_card,West
TXN628267,CUST9113,PROD798,880.91,6,2025-07-23T15:48:34.072324,pending,paypal,South
TXN882463,CUST2420,PROD491,311.09,2,2025-08-02T15:48:34.072327,cancelled,debit_card,East
TXN493008,CUST8859,PROD411,955.16,5,2025-09-05T15:48:34.072330,completed,bank_transfer,South
TXN595769,CUST1608,PROD276,539.09,2,2025-11-23T15:48:34.072333,pending,credit_card,South
TXN743784,CUST1596,PROD498,74.12,7,2025-02-28T15:48:34.072336,cancelled,paypal,South
TXN405036,CUST2771,PROD266,395.64,3,2025-11-19T15:48:34.072339,pending,bank_transfer,West
TXN888402,CUST4333,PROD177,590.8,8,2025-08-05T15:48:34.072342,cancelled,paypal,North
TXN818384,CUST5375,PROD538,329.51,2,2025-12-10T15:48:34.072345,completed,paypal,West
TXN300710,CUST2716,PROD777,608.09,5,2025-07-20T15:48:34.072348,completed,paypal,East
TXN479635,CUST9050,PROD329,154.03,6,2025-10-17T15:48:34.072351,completed,paypal,East
TXN664354,CUST1263,PROD755,506.79,10,2025-08-13T15:48:34.072354,completed,bank_transfer,North
TXN582847,CUST2382,PROD866,694.07,2,2025-12-26T15:48:34.072357,completed,credit_card,West
TXN210243,CUST6511,PROD631,324.71,3,2025-05-22T15:48:34.072359,cancelled,credit_card,East
TXN525450,CUST5909,PROD890,228.39,9,2025-11-22T15:48:34.072363,pending,credit_card,North
TXN703865,CUST9815,PROD823,460.78,7,2025-11-23T15:48:34.072365,completed,paypal,North
TXN286369,CUST3841,PROD815,342.49,5,2025-06-05T15:48:34.072368,completed,bank_transfer,West
TXN476290,CUST4215,PROD897,108.38,6,2025-04-12T15:48:34.072371,pending,debit_card,East
TXN790133,CUST1018,PROD478,539.04,10,2025-06-11T15:48:34.072374,completed,bank_transfer,East
TXN921548,CUST7687,PROD416,681.01,7,2025-05-09T15:48:34.072377,pending,credit_card,East
TXN762817,CUST9996,PROD501,117.42,4,2025-02-03T15:48:34.072380,completed,paypal,East
TXN945400,CUST7823,PROD705,669.09,3,2025-04-20T15:48:34.072383,cancelled,debit_card,North
TXN282336,CUST9653,PROD427,980.67,6,2025-07-04T15:48:34.072386,pending,paypal,South
TXN833355,CUST8855,PROD382,706.72,10,2025-05-14T15:48:34.072389,pending,bank_transfer,North
TXN681160,CUST4797,PROD957,606.52,2,2025-11-19T15:48:34.072392,pending,debit_card,North
TXN971743,CUST7522,PROD430,465.47,3,2025-09-12T15:48:34.072395,completed,credit_card,West
TXN278447,CUST2359,PROD953,444.31,6,2025-07-05T15:48:34.072398,completed,credit_card,West
TXN238991,CUST3852,PROD879,801.59,8,2025-07-01T15:48:34.072401,pending,paypal,East
TXN547854,CUST4004,PROD981,749.22,6,2025-05-13T15:48:34.072404,pending,debit_card,East
TXN441427,CUST6274,PROD159,997.11,4,2025-05-19T15:48:34.072407,completed,credit_card,South
TXN546149,CUST5671,PROD820,423.99,5,2025-11-03T15:48:34.072410,cancelled,credit_card,South
TXN835068,CUST3757,PROD717,809.82,6,2025-04-16T15:48:34.072413,completed,debit_card,East
TXN404932,CUST3190,PROD211,26.05,1,2025-04-29T15:48:34.072416,completed,credit_card,North
TXN477140,CUST6017,PROD208,194.17,1,2025-09-15T15:48:34.072419,cancelled,paypal,South
TXN903222,CUST1710,PROD995,360.57,9,2025-07-24T15:48:34.072422,completed,credit_card,West
TXN987595,CUST5170,PROD729,197.32,8,2025-07-27T15:48:34.072425,cancelled,credit_card,West
TXN111936,CUST3263,PROD575,199.95,1,2025-04-13T15:48:34.072428,pending,paypal,East
TXN240003,CUST1977,PROD140,768.12,5,2026-01-24T15:48:34.072431,pending,debit_card,East
TXN227164,CUST7045,PROD370,444.46,5,2025-05-03T15:48:34.072434,cancelled,bank_transfer,West
TXN802483,CUST6537,PROD925,500.29,5,2025-06-20T15:48:34.072437,completed,paypal,East
TXN439705,CUST7892,PROD959,311.77,2,2025-05-01T15:48:34.072440,pending,debit_card,North
TXN531096,CUST4809,PROD735,215.48,8,2025-07-17T15:48:34.072443,completed,paypal,North
TXN200283,CUST4479,PROD723,297.33,2,2025-12-31T15:48:34.072445,pending,paypal,East
TXN957647,CUST6060,PROD558,884.26,1,2025-10-26T15:48:34.072448,completed,credit_card,East
TXN935744,CUST9071,PROD977,467.8,1,2025-05-28T15:48:34.072451,pending,bank_transfer,West
TXN674488,CUST6544,PROD681,861.92,2,2025-10-23T15:48:34.072454,cancelled,bank_transfer,West
TXN590343,CUST6930,PROD616,271.95,6,2025-04-16T15:48:34.072457,completed,bank_transfer,North
TXN726414,CUST6548,PROD303,828.59,3,2025-06-05T15:48:34.072460,cancelled,bank_transfer,North
TXN160643,CUST2458,PROD126,372.09,5,2026-01-21T15:48:34.072463,completed,bank_transfer,South
TXN757682,CUST1837,PROD255,179.47,8,2025-03-21T15:48:34.072466,completed,bank_transfer,South
TXN154028,CUST4575,PROD242,473.69,10,2025-11-14T15:48:34.072469,completed,bank_transfer,North
TXN637445,CUST8119,PROD528,421.65,4,2025-01-31T15:48:34.072472,pending,debit_card,East
TXN705985,CUST7964,PROD128,958.75,7,2025-02-27T15:48:34.072475,pending,debit_card,North
TXN184555,CUST8893,PROD624,695.29,10,2025-12-14T15:48:34.072478,completed,debit_card,South
TXN375217,CUST5524,PROD125,555.09,5,2025-11-17T15:48:34.072481,cancelled,debit_card,East
TXN796388,CUST9043,PROD320,580.31,2,2025-07-26T15:48:34.072484,cancelled,debit_card,East
TXN326866,CUST4864,PROD197,242.92,6,2025-02-28T15:48:34.072487,completed,paypal,West
TXN700678,CUST2975,PROD298,619.78,2,2025-08-27T15:48:34.072490,pending,debit_card,East
TXN863539,CUST9842,PROD179,697.57,6,2025-03-15T15:48:34.072493,completed,credit_card,West
TXN793305,CUST1940,PROD357,902.6,9,2026-01-13T15:48:34.072496,completed,debit_card,West
TXN764029,CUST9485,PROD945,906.85,6,2025-03-08T15:48:34.072499,pending,bank_transfer,North
TXN317890,CUST2396,PROD116,844.73,6,2025-10-04T15:48:34.072502,completed,credit_card,West
TXN371305,CUST1723,PROD362,310.68,7,2025-02-08T15:48:34.072505,completed,paypal,North
TXN266188,CUST1481,PROD713,73.22,3,2025-10-07T15:48:34.072508,cancelled,debit_card,East
TXN494263,CUST9541,PROD216,92.92,3,2026-01-23T15:48:34.072511,pending,bank_transfer,North
TXN491450,CUST4994,PROD900,719.78,1,2025-09-03T15:48:34.072514,completed,credit_card,East
TXN169549,CUST8940,PROD718,422.53,6,2025-08-23T15:48:34.072517,pending,bank_transfer,West
TXN642063,CUST4821,PROD596,531.75,4,2025-04-14T15:48:34.072520,cancelled,paypal,North
TXN500337,CUST3873,PROD442,578.93,6,2026-01-19T15:48:34.072523,cancelled,debit_card,West
TXN585758,CUST7421,PROD592,632.6,7,2025-04-28T15:48:34.072526,cancelled,credit_card,North
TXN700368,CUST9449,PROD429,201.22,1,2025-10-11T15:48:34.072530,completed,bank_transfer,West
TXN430824,CUST6624,PROD669,857.79,3,2026-01-10T15:48:34.072533,cancelled,paypal,East
TXN462195,CUST8734,PROD120,171.46,3,2025-03-09T15:48:34.072536,cancelled,paypal,West
TXN807675,CUST2206,PROD280,788.82,2,2025-12-07T15:48:34.072539,cancelled,paypal,East
TXN760543,CUST3819,PROD226,516.22,8,2025-07-27T15:48:34.072542,pending,credit_card,East
TXN718097,CUST4298,PROD973,644.18,2,2025-04-08T15:48:34.072545,pending,paypal,North
TXN539259,CUST9155,PROD660,386.58,1,2025-11-22T15:48:34.072548,completed,credit_card,West
TXN648299,CUST1416,PROD766,728.37,8,2025-02-05T15:48:34.072551,completed,paypal,South
TXN672990,CUST8870,PROD235,275.33,5,2025-02-07T15:48:34.072554,cancelled,debit_card,North
TXN128044,CUST1654,PROD943,919.39,8,2025-02-04T15:48:34.072557,cancelled,credit_card,West
TXN335777,CUST4920,PROD891,331.25,1,2025-08-01T15:48:34.072560,completed,paypal,East
TXN234869,CUST7700,PROD534,527.23,6,2025-03-16T15:48:34.072563,pending,bank_transfer,North
TXN670663,CUST5651,PROD924,370.59,8,2026-01-03T15:48:34.072566,cancelled,debit_card,East
TXN907577,CUST5683,PROD711,748.29,3,2025-08-12T15:48:34.072569,pending,bank_transfer,West
TXN800459,CUST9671,PROD596,938.17,3,2025-02-08T15:48:34.072572,pending,paypal,East
TXN386974,CUST9855,PROD172,222.73,8,2025-03-08T15:48:34.072575,cancelled,debit_card,West
TXN374913,CUST5906,PROD465,839.06,9,2025-06-24T15:48:34.072578,completed,debit_card,South
TXN695955,CUST7413,PROD706,10.65,7,2025-10-20T15:48:34.072581,pending,credit_card,South
TXN129017,CUST7790,PROD680,758.41,8,2025-10-17T15:48:34.072584,cancelled,debit_card,North
TXN384909,CUST6906,PROD428,599.1,8,2025-11-18T15:48:34.072588,completed,credit_card,West
TXN488211,CUST7252,PROD660,333.12,1,2025-07-26T15:48:34.072591,completed,credit_card,East
TXN349142,CUST5977,PROD688,289.97,4,2025-07-22T15:48:34.072594,pending,debit_card,West
TXN614758,CUST2860,PROD367,148.99,3,2025-11-05T15:48:34.072597,cancelled,credit_card,North
TXN153214,CUST3142,PROD169,538.48,3,2025-03-09T15:48:34.072600,completed,debit_card,North
TXN849224,CUST3139,PROD839,344.65,2,2025-10-01T15:48:34.072603,pending,bank_transfer,North
TXN543516,CUST1331,PROD562,105.98,5,2025-03-07T15:48:34.072606,cancelled,debit_card,West
TXN321582,CUST8987,PROD548,47.28,1,2025-11-26T15:48:34.072609,completed,credit_card,North
TXN120456,CUST3239,PROD871,375.53,6,2025-07-19T15:48:34.072612,pending,bank_transfer,West
TXN419941,CUST9866,PROD625,848.75,2,2025-06-10T15:48:34.072615,completed,debit_card,South
TXN120342,CUST6114,PROD916,76.66,2,2025-03-18T15:48:34.072618,pending,paypal,North
TXN275865,CUST2882,PROD396,333.85,9,2025-06-01T15:48:34.072621,cancelled,paypal,West
TXN174039,CUST8567,PROD640,502.56,1,2025-11-08T15:48:34.072624,pending,credit_card,South
TXN470192,CUST9155,PROD819,727.02,5,2025-09-07T15:48:34.072628,cancelled,bank_transfer,South
TXN767562,CUST9239,PROD980,389.2,7,2025-06-17T15:48:34.072631,completed,debit_card,South
TXN995630,CUST6714,PROD147,107.76,2,2025-05-01T15:48:34.072634,cancelled,paypal,West
TXN941857,CUST1781,PROD474,388.87,5,2025-03-11T15:48:34.072637,completed,bank_transfer,West
TXN133375,CUST3991,PROD916,453.16,3,2025-05-19T15:48:34.072640,cancelled,bank_transfer,East
TXN604304,CUST9603,PROD522,148.21,10,2025-04-09T15:48:34.072643,pending,bank_transfer,West
TXN203135,CUST8917,PROD883,392.45,10,2025-07-11T15:48:34.072646,cancelled,credit_card,North
TXN236211,CUST4501,PROD424,963.1,4,2025-08-18T15:48:34.072649,completed,credit_card,East
TXN902167,CUST9990,PROD732,265.5,7,2025-11-20T15:48:34.072652,completed,bank_transfer,East
TXN576883,CUST3282,PROD508,633.61,8,2025-08-06T15:48:34.072655,pending,credit_card,North
TXN592687,CUST5538,PROD266,601.25,5,2025-07-06T15:48:34.072658,completed,bank_transfer,West
TXN517145,CUST1961,PROD853,873.12,4,2025-11-13T15:48:34.072660,cancelled,debit_card,West
TXN685226,CUST9906,PROD193,872.77,3,2025-11-28T15:48:34.072663,pending,bank_transfer,West
TXN300782,CUST7914,PROD255,985.97,10,2025-11-28T15:48:34.072667,pending,credit_card,South
TXN954452,CUST8019,PROD958,924.68,3,2025-07-10T15:48:34.072670,pending,bank_transfer,West
TXN626027,CUST9047,PROD137,387.37,6,2025-11-20T15:48:34.072673,cancelled,debit_card,East
TXN688172,CUST1508,PROD374,854.53,7,2025-09-24T15:48:34.072676,completed,debit_card,East
TXN114236,CUST8911,PROD600,994.85,10,2025-03-10T15:48:34.072678,completed,paypal,North
TXN505073,CUST1771,PROD885,234.84,3,2025-12-20T15:48:34.072681,completed,bank_transfer,East
TXN189703,CUST2758,PROD440,136.02,7,2025-05-06T15:48:34.072684,cancelled,bank_transfer,East
TXN227031,CUST1337,PROD978,860.09,5,2025-12-21T15:48:34.072687,completed,bank_transfer,East
TXN711388,CUST8902,PROD866,909.92,7,2025-02-13T15:48:34.072690,completed,debit_card,East
TXN858574,CUST8792,PROD575,902.69,1,2025-09-10T15:48:34.072693,cancelled,bank_transfer,South
TXN326363,CUST5163,PROD609,93.27,9,2025-10-14T15:48:34.072696,cancelled,bank_transfer,West
TXN278396,CUST1849,PROD390,70.3,3,2026-01-07T15:48:34.072699,cancelled,bank_transfer,East
TXN543187,CUST2383,PROD410,941.73,2,2025-12-10T15:48:34.072702,pending,credit_card,East
TXN371091,CUST3280,PROD725,978.38,5,2025-10-17T15:48:34.072705,completed,debit_card,South
TXN905828,CUST4718,PROD662,393.27,2,2025-07-30T15:48:34.072709,pending,paypal,South
TXN295853,CUST3697,PROD697,627.4,3,2025-03-10T15:48:34.072712,pending,bank_transfer,West
TXN473285,CUST7865,PROD996,207.55,2,2025-09-01T15:48:34.072715,pending,bank_transfer,East
TXN684900,CUST4333,PROD696,648.3,10,2025-07-05T15:48:34.072718,completed,credit_card,West
TXN771243,CUST8581,PROD192,59.61,4,2025-06-14T15:48:34.072721,pending,bank_transfer,West
TXN308881,CUST9522,PROD835,289.41,4,2025-07-12T15:48:34.072724,completed,credit_card,West
TXN480262,CUST6462,PROD616,910.8,4,2025-02-24T15:48:34.072727,completed,debit_card,East
TXN635219,CUST1940,PROD690,35.78,5,2025-06-29T15:48:34.072730,cancelled,debit_card,West
TXN386875,CUST9104,PROD475,700.09,8,2025-10-08T15:48:34.072733,pending,credit_card,South
TXN569466,CUST7760,PROD895,162.94,7,2025-08-17T15:48:34.072736,pending,debit_card,North
TXN597463,CUST8492,PROD467,610.18,7,2025-09-09T15:48:34.072739,cancelled,paypal,East
TXN574814,CUST8328,PROD647,737.33,7,2025-04-26T15:48:34.072742,cancelled,debit_card,West
TXN150504,CUST6088,PROD980,926.51,9,2025-11-19T15:48:34.072745,completed,bank_transfer,West
TXN718139,CUST8513,PROD196,961.09,8,2025-12-24T15:48:34.072748,completed,credit_card,East
TXN229708,CUST1512,PROD464,150.81,1,2026-01-22T15:48:34.072751,cancelled,credit_card,South
TXN969246,CUST1767,PROD190,976.48,8,2025-03-20T15:48:34.072754,cancelled,credit_card,South
TXN827757,CUST3031,PROD343,428.26,9,2025-11-21T15:48:34.072757,pending,credit_card,South
TXN169612,CUST8392,PROD842,83.39,9,2025-02-16T15:48:34.072760,pending,bank_transfer,East
TXN316617,CUST9393,PROD111,106.86,2,2025-03-02T15:48:34.072763,cancelled,paypal,North
TXN801322,CUST4243,PROD547,947.8,5,2025-12-26T15:48:34.072766,cancelled,credit_card,East
TXN767633,CUST4064,PROD253,233.32,2,2025-12-04T15:48:34.072769,pending,paypal,North
TXN475130,CUST1227,PROD210,60.04,9,2025-10-27T15:48:34.072772,completed,debit_card,South
TXN984659,CUST6674,PROD583,271.59,8,2025-04-24T15:48:34.072775,completed,bank_transfer,South
TXN289515,CUST8236,PROD832,618.65,4,2025-04-15T15:48:34.072778,cancelled,bank_transfer,South
TXN820153,CUST2222,PROD695,698.45,1,2025-02-13T15:48:34.072781,pending,bank_transfer,East
TXN584094,CUST5379,PROD691,972.1,10,2025-10-17T15:48:34.072784,cancelled,paypal,North
TXN804482,CUST1778,PROD231,93.76,6,2025-11-29T15:48:34.072787,completed,paypal,North
TXN770239,CUST2525,PROD156,698.71,3,2025-02-09T15:48:34.072790,cancelled,debit_card,South
TXN603122,CUST4242,PROD917,448.72,2,2025-06-07T15:48:34.072793,pending,bank_transfer,North
TXN831411,CUST7306,PROD823,614.03,9,2025-11-26T15:48:34.072796,cancelled,debit_card,North
TXN833894,CUST9261,PROD890,15.35,2,2025-10-26T15:48:34.072799,pending,debit_card,West
TXN480291,CUST9066,PROD564,886.95,10,2026-01-02T15:48:34.072803,completed,debit_card,South
TXN384278,CUST2802,PROD294,324.95,7,2025-06-22T15:48:34.072806,completed,debit_card,West
TXN838346,CUST4701,PROD219,160.52,5,2025-04-08T15:48:34.072808,completed,paypal,South
TXN922247,CUST6164,PROD814,131.97,1,2025-07-19T15:48:34.072811,cancelled,debit_card,West
TXN309439,CUST5967,PROD997,137.08,5,2025-09-28T15:48:34.072814,cancelled,bank_transfer,West
TXN157080,CUST5155,PROD844,118.57,1,2025-04-11T15:48:34.072817,pending,debit_card,North
TXN906616,CUST3092,PROD325,783.42,8,2025-09-06T15:48:34.072820,completed,paypal,North
TXN770874,CUST9955,PROD482,974.35,10,2025-03-06T15:48:34.072823,pending,paypal,South
TXN259482,CUST9019,PROD760,688.04,1,2025-12-14T15:48:34.072827,cancelled,paypal,West
TXN532063,CUST2583,PROD779,343.75,2,2026-01-04T15:48:34.072830,completed,bank_transfer,South
TXN945407,CUST7355,PROD779,744.39,7,2026-01-26T15:48:34.072833,cancelled,credit_card,West
TXN643451,CUST9770,PROD438,791.5,6,2025-10-08T15:48:34.072835,completed,credit_card,East
TXN742797,CUST6235,PROD460,199.87,1,2025-12-24T15:48:34.072839,pending,debit_card,North
TXN863275,CUST7022,PROD114,848.47,10,2026-01-16T15:48:34.072842,cancelled,bank_transfer,East
TXN676798,CUST7906,PROD220,378.29,5,2025-10-21T15:48:34.072845,pending,debit_card,East
TXN740158,CUST6791,PROD734,261.76,2,2026-01-01T15:48:34.072849,pending,paypal,South
TXN258449,CUST3830,PROD649,582.81,4,2025-08-02T15:48:34.072852,pending,paypal,North
TXN810870,CUST5274,PROD851,99.49,7,2025-12-31T15:48:34.072855,cancelled,debit_card,East
TXN802316,CUST4870,PROD911,654.48,8,2025-07-16T15:48:34.072858,cancelled,credit_card,South
TXN399236,CUST8242,PROD193,209.04,10,2025-05-18T15:48:34.072861,cancelled,debit_card,North
TXN846940,CUST9950,PROD444,881.89,10,2025-06-27T15:48:34.072864,completed,debit_card,South
TXN109078,CUST1578,PROD825,28.47,8,2026-01-28T15:48:34.072867,pending,debit_card,North
TXN222852,CUST5395,PROD295,113.42,4,2025-09-05T15:48:34.072870,completed,paypal,North
TXN539684,CUST1458,PROD901,123.63,9,2025-07-08T15:48:34.072873,completed,paypal,South
TXN896910,CUST1960,PROD583,578.79,5,2025-03-17T15:48:34.072876,completed,paypal,West
TXN488541,CUST1232,PROD398,170.51,2,2025-04-18T15:48:34.072879,cancelled,bank_transfer,South
TXN745371,CUST8008,PROD829,144.59,4,2025-11-30T15:48:34.072882,cancelled,bank_transfer,West
TXN448553,CUST3171,PROD426,394.56,4,2025-04-10T15:48:34.072885,cancelled,credit_card,East
TXN312153,CUST6769,PROD860,417.44,9,2026-01-18T15:48:34.072888,cancelled,bank_transfer,South
TXN460282,CUST2287,PROD441,135.06,2,2025-12-08T15:48:34.072891,completed,credit_card,South
TXN249610,CUST5116,PROD731,472.93,5,2025-05-12T15:48:34.072894,pending,bank_transfer,East
TXN267694,CUST4922,PROD620,229.94,8,2025-07-01T15:48:34.072897,completed,bank_transfer,East
TXN469039,CUST3250,PROD931,323.0,1,2025-03-30T15:48:34.072900,completed,paypal,West
TXN185998,CUST2499,PROD491,544.93,4,2025-04-13T15:48:34.072903,cancelled,bank_transfer,East
TXN309916,CUST2308,PROD933,361.53,1,2025-06-29T15:48:34.072906,cancelled,credit_card,West
TXN631464,CUST1728,PROD610,17.94,8,2025-11-11T15:48:34.072910,cancelled,debit_card,South
TXN697633,CUST3642,PROD575,504.32,7,2025-11-09T15:48:34.072913,completed,credit_card,East
TXN941532,CUST2681,PROD644,231.01,3,2025-11-06T15:48:34.072917,completed,debit_card,South
TXN238714,CUST6294,PROD759,346.09,9,2025-07-07T15:48:34.072920,completed,debit_card,South
TXN327488,CUST8712,PROD994,105.33,9,2025-07-24T15:48:34.072923,cancelled,paypal,North
TXN367934,CUST6943,PROD166,390.79,2,2025-12-23T15:48:34.072926,completed,credit_card,South
TXN469869,CUST2558,PROD527,460.85,2,2025-04-23T15:48:34.072929,cancelled,paypal,East
TXN132137,CUST2574,PROD771,365.47,2,2025-10-20T15:48:34.072932,pending,bank_transfer,East
TXN105165,CUST1181,PROD695,541.78,6,2025-09-22T15:48:34.072936,cancelled,credit_card,North
TXN945260,CUST9117,PROD940,668.25,1,2025-10-21T15:48:34.072938,completed,paypal,North
TXN228873,CUST1728,PROD256,441.43,4,2025-02-28T15:48:34.072942,cancelled,paypal,South
TXN781528,CUST7960,PROD774,894.3,4,2025-03-14T15:48:34.072945,cancelled,credit_card,East
TXN213335,CUST9118,PROD279,693.29,7,2025-12-23T15:48:34.072948,completed,bank_transfer,West
TXN175383,CUST3586,PROD135,858.03,6,2025-05-31T15:48:34.072951,pending,credit_card,West
TXN520108,CUST6973,PROD876,397.6,2,2025-03-27T15:48:34.072954,completed,paypal,East
TXN850655,CUST6153,PROD570,852.51,8,2025-04-03T15:48:34.072957,completed,bank_transfer,East
TXN605119,CUST4467,PROD698,592.76,1,2025-05-01T15:48:34.072960,completed,credit_card,East
TXN515893,CUST2019,PROD595,677.24,8,2025-02-11T15:48:34.072963,cancelled,debit_card,North
TXN414888,CUST4429,PROD738,891.21,10,2026-01-22T15:48:34.072966,pending,bank_transfer,East
TXN812319,CUST1290,PROD452,434.45,6,2025-07-09T15:48:34.072969,cancelled,bank_transfer,East
TXN109652,CUST2623,PROD486,355.74,10,2025-11-06T15:48:34.072972,cancelled,bank_transfer,West
TXN765911,CUST6097,PROD577,438.88,5,2025-12-05T15:48:34.072975,cancelled,paypal,East
TXN339002,CUST1169,PROD457,186.49,6,2025-11-02T15:48:34.072978,cancelled,debit_card,East
TXN304794,CUST5500,PROD455,37.88,3,2025-04-23T15:48:34.072982,completed,paypal,South
TXN942998,CUST4705,PROD739,983.79,7,2025-06-06T15:48:34.072985,completed,credit_card,South
TXN993203,CUST8169,PROD779,496.94,10,2025-12-04T15:48:34.072988,pending,paypal,South
TXN298602,CUST4025,PROD546,873.27,7,2026-01-22T15:48:34.072990,pending,debit_card,West
TXN987183,CUST9045,PROD224,723.78,3,2025-12-14T15:48:34.072993,completed,bank_transfer,North
TXN964721,CUST9040,PROD254,926.93,1,2025-03-05T15:48:34.072996,cancelled,paypal,North
TXN291744,CUST1945,PROD949,197.34,7,2025-07-09T15:48:34.072999,cancelled,debit_card,North
TXN123514,CUST1174,PROD830,530.96,10,2025-11-29T15:48:34.073002,pending,debit_card,South
TXN834920,CUST5258,PROD900,238.38,9,2025-11-22T15:48:34.073005,pending,credit_card,North
TXN955056,CUST1973,PROD552,595.89,6,2025-07-24T15:48:34.073008,cancelled,credit_card,South
TXN408156,CUST6874,PROD193,64.49,10,2025-09-02T15:48:34.073011,completed,bank_transfer,North
TXN764051,CUST6489,PROD567,415.31,3,2025-05-03T15:48:34.073014,pending,debit_card,East
TXN317727,CUST6734,PROD575,932.07,3,2025-04-18T15:48:34.073017,completed,debit_card,West
TXN775437,CUST3413,PROD135,559.62,8,2025-08-31T15:48:34.073020,cancelled,bank_transfer,South
TXN518809,CUST9635,PROD415,240.27,4,2026-01-28T15:48:34.073023,completed,debit_card,East
TXN312503,CUST7990,PROD523,287.51,3,2025-05-01T15:48:34.073026,completed,paypal,East
TXN503485,CUST6199,PROD628,979.28,6,2025-11-13T15:48:34.073029,completed,bank_transfer,South
TXN169928,CUST2791,PROD304,367.17,9,2025-10-08T15:48:34.073033,completed,credit_card,North
TXN433528,CUST5294,PROD615,935.48,3,2025-08-07T15:48:34.073036,pending,paypal,East
TXN925066,CUST6133,PROD321,751.79,10,2025-03-03T15:48:34.073038,pending,debit_card,East
TXN673911,CUST9824,PROD597,293.87,9,2025-03-21T15:48:34.073041,completed,debit_card,North
TXN887454,CUST1431,PROD453,701.8,1,2025-10-14T15:48:34.073044,cancelled,debit_card,East
TXN124072,CUST1689,PROD815,937.8,9,2025-11-02T15:48:34.073047,cancelled,credit_card,South
TXN873415,CUST2005,PROD621,790.83,10,2025-04-25T15:48:34.073050,pending,bank_transfer,West
TXN646172,CUST3660,PROD355,424.08,2,2025-06-22T15:48:34.073053,pending,paypal,West
TXN630066,CUST6245,PROD733,226.72,2,2025-03-26T15:48:34.073057,pending,bank_transfer,West
TXN988710,CUST2140,PROD455,668.54,10,2025-07-31T15:48:34.073060,completed,credit_card,South
TXN266199,CUST3724,PROD928,485.07,1,2025-02-17T15:48:34.073063,pending,paypal,South
TXN183563,CUST5248,PROD435,673.41,4,2025-08-18T15:48:34.073066,pending,bank_transfer,North
TXN399401,CUST9543,PROD381,238.98,7,2025-10-02T15:48:34.073069,pending,credit_card,North
TXN304919,CUST4051,PROD427,905.88,8,2025-12-24T15:48:34.073072,completed,credit_card,South
TXN185095,CUST7175,PROD712,809.03,3,2025-05-14T15:48:34.073075,completed,debit_card,North
TXN961435,CUST9442,PROD946,334.27,9,2025-08-13T15:48:34.073078,pending,paypal,West
TXN559564,CUST9483,PROD360,209.57,7,2025-11-07T15:48:34.073080,cancelled,debit_card,South
TXN267934,CUST5571,PROD492,760.86,7,2025-11-03T15:48:34.073083,completed,bank_transfer,South
TXN571648,CUST5009,PROD655,928.05,1,2025-09-26T15:48:34.073086,cancelled,bank_transfer,South
TXN884741,CUST6826,PROD413,938.77,3,2026-01-11T15:48:34.073089,pending,debit_card,South
TXN105374,CUST8964,PROD604,474.51,2,2025-05-04T15:48:34.073092,completed,debit_card,West
TXN562266,CUST5115,PROD980,377.36,3,2026-01-24T15:48:34.073096,completed,bank_transfer,West
TXN353011,CUST9412,PROD200,437.73,3,2025-11-19T15:48:34.073099,pending,bank_transfer,East
TXN121851,CUST4334,PROD516,778.18,7,2025-07-22T15:48:34.073102,pending,bank_transfer,North
TXN166208,CUST8526,PROD614,702.51,8,2025-11-23T15:48:34.073104,completed,bank_transfer,West
TXN464347,CUST9976,PROD777,901.88,7,2025-11-21T15:48:34.073107,completed,credit_card,South
TXN408545,CUST8891,PROD300,80.7,3,2025-02-18T15:48:34.073111,pending,debit_card,East
TXN874393,CUST3106,PROD588,113.99,2,2025-09-03T15:48:34.073114,completed,credit_card,North
TXN409098,CUST5300,PROD132,124.53,6,2025-10-04T15:48:34.073117,completed,bank_transfer,East
TXN425135,CUST7559,PROD649,300.21,3,2025-06-22T15:48:34.073120,pending,paypal,West
TXN735311,CUST7265,PROD214,657.11,10,2025-07-30T15:48:34.073123,cancelled,paypal,West
TXN192716,CUST6229,PROD652,489.61,10,2025-11-21T15:48:34.073126,cancelled,debit_card,East
TXN328965,CUST6186,PROD290,700.3,9,2026-01-27T15:48:34.073129,pending,bank_transfer,West
TXN382556,CUST4417,PROD641,864.42,8,2025-07-12T15:48:34.073132,completed,debit_card,West
TXN948491,CUST7597,PROD735,178.77,6,2025-05-24T15:48:34.073135,completed,bank_transfer,West
TXN253172,CUST3774,PROD710,740.73,3,2025-09-18T15:48:34.073138,completed,paypal,North
TXN825136,CUST9128,PROD932,99.59,1,2025-03-10T15:48:34.073141,pending,debit_card,West
TXN646245,CUST9364,PROD146,999.58,2,2025-12-17T15:48:34.073144,cancelled,credit_card,West
TXN560797,CUST4925,PROD269,702.87,8,2025-11-05T15:48:34.073147,completed,paypal,South
TXN685091,CUST7683,PROD472,270.82,9,2026-01-13T15:48:34.073149,completed,credit_card,North
TXN953123,CUST5488,PROD112,260.48,3,2025-06-22T15:48:34.073152,cancelled,paypal,East
TXN600815,CUST3392,PROD215,14.28,7,2025-03-02T15:48:34.073155,cancelled,debit_card,East
TXN223495,CUST8990,PROD250,22.63,9,2025-04-25T15:48:34.073158,completed,paypal,South
TXN205432,CUST5550,PROD394,743.37,3,2025-06-08T15:48:34.073161,cancelled,paypal,East
TXN582395,CUST6102,PROD341,760.59,2,2025-04-19T15:48:34.073164,cancelled,credit_card,South
TXN843391,CUST8479,PROD136,763.97,4,2025-12-05T15:48:34.073167,cancelled,credit_card,West
TXN176267,CUST8801,PROD154,714.68,9,2026-01-20T15:48:34.073170,completed,paypal,East
TXN410770,CUST5289,PROD708,583.58,6,2025-04-30T15:48:34.073173,pending,debit_card,East
TXN268097,CUST9432,PROD416,316.49,6,2025-07-15T15:48:34.073176,completed,paypal,South
TXN787620,CUST4126,PROD475,124.96,8,2026-01-01T15:48:34.073180,completed,bank_transfer,North
TXN613241,CUST9726,PROD355,993.46,2,2025-02-11T15:48:34.073183,cancelled,bank_transfer,East
TXN795531,CUST6324,PROD240,109.6,4,2025-06-08T15:48:34.073186,cancelled,debit_card,South
TXN178068,CUST4736,PROD778,772.22,1,2025-03-18T15:48:34.073189,pending,debit_card,West
TXN449757,CUST3734,PROD252,71.7,7,2025-07-11T15:48:34.073192,cancelled,bank_transfer,North
TXN336618,CUST3380,PROD776,447.75,5,2025-06-05T15:48:34.073195,cancelled,debit_card,South
TXN937298,CUST6494,PROD427,947.53,4,2025-03-01T15:48:34.073198,cancelled,credit_card,West
TXN522458,CUST8726,PROD790,562.39,8,2025-07-14T15:48:34.073201,cancelled,credit_card,North
TXN993775,CUST6876,PROD553,244.03,2,2025-03-17T15:48:34.073205,cancelled,bank_transfer,South
TXN922536,CUST1187,PROD654,286.22,5,2025-06-07T15:48:34.073207,pending,debit_card,West
TXN561720,CUST8649,PROD828,875.9,2,2025-10-23T15:48:34.073210,pending,credit_card,West
TXN298294,CUST8593,PROD296,426.38,7,2025-11-12T15:48:34.073213,cancelled,debit_card,West
TXN716075,CUST4750,PROD758,114.87,2,2025-02-10T15:48:34.073216,completed,credit_card,East
TXN734903,CUST2285,PROD508,560.89,5,2025-03-28T15:48:34.073219,completed,bank_transfer,South
TXN264804,CUST1968,PROD744,418.15,4,2025-03-22T15:48:34.073222,completed,debit_card,South
TXN952811,CUST7301,PROD177,901.11,1,2025-06-08T15:48:34.073226,completed,paypal,East
TXN560232,CUST2808,PROD326,998.47,10,2025-12-04T15:48:34.073229,completed,bank_transfer,West
TXN675089,CUST1368,PROD832,983.06,8,2025-12-15T15:48:34.073232,pending,bank_transfer,North
TXN529868,CUST3928,PROD212,145.63,5,2025-10-11T15:48:34.073235,cancelled,debit_card,South
TXN840436,CUST3120,PROD146,225.45,5,2025-07-20T15:48:34.073238,cancelled,paypal,North
TXN603297,CUST3031,PROD536,882.79,1,2025-02-13T15:48:34.073241,pending,debit_card,South
TXN686437,CUST1615,PROD419,416.33,8,2026-01-07T15:48:34.073244,pending,debit_card,East
TXN685060,CUST2370,PROD727,78.69,3,2025-10-14T15:48:34.073247,completed,debit_card,South
TXN814368,CUST7719,PROD980,836.85,6,2025-11-08T15:48:34.073250,completed,credit_card,West
TXN781213,CUST9341,PROD743,877.8,7,2025-10-19T15:48:34.073253,cancelled,debit_card,West
TXN609414,CUST5938,PROD857,303.44,8,2025-05-25T15:48:34.073256,cancelled,credit_card,East
TXN229379,CUST5534,PROD776,483.55,8,2025-03-10T15:48:34.073259,completed,credit_card,West
TXN407564,CUST6494,PROD173,448.71,3,2025-11-28T15:48:34.073262,pending,debit_card,East
TXN164152,CUST2859,PROD765,439.26,10,2025-09-12T15:48:34.073265,pending,bank_transfer,North
TXN863630,CUST3012,PROD902,32.28,8,2025-08-31T15:48:34.073268,completed,bank_transfer,West
TXN554230,CUST7951,PROD636,34.04,1,2025-05-24T15:48:34.073271,pending,credit_card,South
TXN319910,CUST9880,PROD939,189.82,3,2025-10-03T15:48:34.073274,completed,debit_card,East
TXN814219,CUST8781,PROD400,247.09,8,2025-07-07T15:48:34.073277,cancelled,debit_card,North
TXN877521,CUST9736,PROD340,600.83,8,2025-08-13T15:48:34.073280,completed,credit_card,East
TXN191749,CUST5031,PROD455,99.58,9,2025-04-13T15:48:34.073283,cancelled,bank_transfer,East
TXN683384,CUST9722,PROD259,72.13,1,2026-01-21T15:48:34.073286,pending,bank_transfer,East
TXN378011,CUST7701,PROD260,692.23,7,2025-08-18T15:48:34.073289,completed,paypal,East
TXN866892,CUST9160,PROD995,985.65,2,2025-11-03T15:48:34.073292,completed,bank_transfer,West
TXN868490,CUST3223,PROD486,40.93,5,2025-09-18T15:48:34.073294,completed,bank_transfer,North
TXN449307,CUST1231,PROD868,223.24,10,2025-11-30T15:48:34.073298,pending,debit_card,North
TXN369191,CUST6831,PROD904,208.88,5,2026-01-24T15:48:34.073301,cancelled,paypal,North
TXN899164,CUST6710,PROD125,459.23,9,2025-05-09T15:48:34.073304,pending,paypal,North
TXN308880,CUST6252,PROD345,594.8,4,2025-09-24T15:48:34.073308,completed,paypal,East
TXN533365,CUST1588,PROD447,32.9,9,2025-05-11T15:48:34.073311,cancelled,bank_transfer,West
TXN220753,CUST7753,PROD408,124.67,7,2025-05-16T15:48:34.073314,pending,credit_card,South
TXN748518,CUST3913,PROD300,428.69,6,2025-03-12T15:48:34.073317,cancelled,bank_transfer,South
TXN868321,CUST2608,PROD349,32.08,6,2025-11-17T15:48:34.073319,pending,bank_transfer,South
TXN474541,CUST5247,PROD822,629.1,8,2026-01-25T15:48:34.073322,completed,credit_card,East
TXN232339,CUST9707,PROD279,470.3,7,2025-09-09T15:48:34.073325,pending,bank_transfer,West
TXN648627,CUST8952,PROD898,792.41,9,2025-09-30T15:48:34.073328,cancelled,debit_card,West
TXN703921,CUST3887,PROD972,660.77,3,2025-09-15T15:48:34.073331,pending,credit_card,East
TXN271901,CUST3560,PROD840,999.22,2,2025-03-06T15:48:34.073334,pending,debit_card,West
TXN491587,CUST6728,PROD667,643.9,10,2025-02-17T15:48:34.073337,pending,paypal,North
TXN313911,CUST9677,PROD335,356.76,1,2025-05-17T15:48:34.073341,pending,debit_card,East
TXN486315,CUST7283,PROD735,719.32,10,2025-07-25T15:48:34.073344,cancelled,paypal,East
TXN407004,CUST1697,PROD279,604.09,6,2025-08-05T15:48:34.073347,pending,credit_card,North
TXN563274,CUST6034,PROD465,753.81,4,2025-12-21T15:48:34.073350,cancelled,bank_transfer,North
